Region	Period End	Is New Construction Transaction	Homes Sold	Homes Sold YoY	 of Total Homes Sold (copy) along Is New Construction Transaction	Inventory	Inventory YoY	 of Total Inventory (copy) along Is New Construction Transaction	New Listings	New Listings YoY	Median Sale Price	Median Sale Price YoY	Median Ppsf	Median Ppsf YoY	Median List Price	Avg Sale To List	Sold Above List	Months Of Supply
Baltimore, MD metro area	12/31/2014	Existing	2,830	27.5	93.52	11,541	13.7	90.22	2,170	25.6	220,000	-1.8	142	-1.1	195,900	96.7	16.0	4
Baltimore, MD metro area	12/31/2014	New Construction	196	21.7	6.48	1,251	9.4	9.78	203	11.5	438,895	15.5	180	7.3	431,495	100.3	30.1	6
Baltimore, MD metro area	11/30/2014	Existing	2,236	5.0	93.79	12,643	13.9	90.73	2,563	-0.7	225,000	-3.8	142	-5.9	209,900	97.2	16.2	6
Baltimore, MD metro area	11/30/2014	New Construction	148	10.4	6.21	1,291	14.9	9.27	209	-13.3	431,863	8.1	171	-4.0	425,000	100.3	31.8	9
Baltimore, MD metro area	10/31/2014	Existing	2,691	15.0	93.99	13,759	18.0	91.24	3,751	8.3	226,000	-1.7	144	-2.0	225,000	96.8	16.4	5
Baltimore, MD metro area	10/31/2014	New Construction	172	26.5	6.01	1,321	20.5	8.76	268	0.0	431,145	7.4	183	0.5	449,900	101.1	36.6	8
Baltimore, MD metro area	9/30/2014	Existing	2,669	8.7	94.41	14,032	21.8	91.56	3,914	13.3	235,000	-2.0	146	-4.3	235,950	96.9	16.0	5
Baltimore, MD metro area	9/30/2014	New Construction	158	10.5	5.59	1,294	24.5	8.44	256	12.3	398,495	1.1	175	1.9	417,565	99.7	29.7	8
Baltimore, MD metro area	8/31/2014	Existing	2,944	1.3	94.75	13,657	21.5	91.41	3,719	4.2	240,000	-1.2	150	-0.6	229,900	97.4	15.3	5
Baltimore, MD metro area	8/31/2014	New Construction	163	12.4	5.25	1,283	26.9	8.59	286	12.2	420,000	8.3	180	2.2	434,495	101.2	37.7	8
Baltimore, MD metro area	7/31/2014	Existing	3,077	0.5	95.47	13,653	22.0	91.54	4,182	13.1	250,000	-2.0	152	-3.0	240,000	97.4	15.6	4
Baltimore, MD metro area	7/31/2014	New Construction	146	-10.4	4.53	1,261	28.0	8.46	249	10.7	395,000	-0.6	172	1.4	409,990	100.3	32.9	9
Baltimore, MD metro area	6/30/2014	Existing	3,226	0.9	95.05	13,071	17.7	91.50	4,447	16.6	259,000	3.1	159	2.9	249,900	97.6	16.3	4
Baltimore, MD metro area	6/30/2014	New Construction	168	3.1	4.95	1,215	20.7	8.50	262	18.6	388,626	-1.0	180	3.7	469,625	100.5	35.7	7
Baltimore, MD metro area	5/31/2014	Existing	2,886	1.4	94.90	12,123	10.9	91.07	4,998	14.9	240,000	-2.0	151	-0.9	265,900	97.4	17.4	4
Baltimore, MD metro area	5/31/2014	New Construction	155	6.9	5.10	1,189	15.9	8.93	287	9.5	401,393	2.9	176	5.3	478,651	101.7	32.5	8
Baltimore, MD metro area	4/30/2014	Existing	2,352	-0.7	94.34	11,472	10.1	90.64	5,078	10.8	230,000	0.0	149	2.0	259,900	97.1	15.4	5
Baltimore, MD metro area	4/30/2014	New Construction	141	9.3	5.66	1,185	11.3	9.36	345	48.7	434,180	18.0	177	7.1	408,990	99.5	31.9	8
Baltimore, MD metro area	3/31/2014	Existing	2,093	3.4	94.19	10,436	9.9	90.29	4,068	8.2	221,500	0.7	144	1.5	250,000	96.8	16.6	5
Baltimore, MD metro area	3/31/2014	New Construction	129	12.2	5.81	1,122	4.9	9.71	221	-14.7	414,270	20.1	184	8.7	419,900	101.4	33.3	9
Baltimore, MD metro area	2/28/2014	Existing	1,594	5.6	94.49	9,885	9.0	89.38	2,795	-0.3	220,000	7.8	141	4.3	229,900	96.7	15.2	6
Baltimore, MD metro area	2/28/2014	New Construction	93	-12.3	5.51	1,175	8.7	10.62	272	27.7	391,740	-1.8	169	-1.2	429,913	102.3	34.4	13
Baltimore, MD metro area	1/31/2014	Existing	1,582	-0.6	95.36	9,731	10.0	89.55	2,519	0.2	205,000	1.7	139	3.8	219,900	96.4	15.7	6
Baltimore, MD metro area	1/31/2014	New Construction	77	-27.4	4.64	1,136	-0.9	10.45	260	-11.0	392,500	9.9	173	13.1	416,990	100.1	31.2	15
Baltimore, MD metro area	12/31/2013	Existing	2,219	10.8	93.24	10,151	11.5	89.87	1,728	14.9	224,000	1.8	143	4.1	199,900	96.5	14.5	5
Baltimore, MD metro area	12/31/2013	New Construction	161	13.4	6.76	1,144	1.5	10.13	182	27.3	379,938	-6.5	168	0.5	398,483	101.4	39.8	7
Baltimore, MD metro area	11/30/2013	Existing	2,129	-0.8	94.08	11,101	11.7	90.81	2,582	20.9	234,000	6.4	151	6.9	209,900	97.0	16.4	5
Baltimore, MD metro area	11/30/2013	New Construction	134	1.5	5.92	1,124	-8.0	9.19	241	21.7	399,490	-4.9	178	5.2	420,135	100.9	37.3	8
Baltimore, MD metro area	10/31/2013	Existing	2,340	15.8	94.51	11,665	9.6	91.41	3,464	26.7	230,000	4.5	147	5.4	219,900	96.8	15.5	5
Baltimore, MD metro area	10/31/2013	New Construction	136	-4.2	5.49	1,096	-12.5	8.59	268	25.8	401,462	7.1	182	7.4	426,995	102.0	47.1	8
Baltimore, MD metro area	9/30/2013	Existing	2,455	14.0	94.50	11,520	4.5	91.73	3,455	26.0	239,900	4.3	152	4.8	235,000	97.2	16.2	5
Baltimore, MD metro area	9/30/2013	New Construction	143	52.1	5.50	1,039	-19.2	8.27	228	7.5	394,190	-0.4	171	2.5	459,990	101.4	33.6	7
Baltimore, MD metro area	8/31/2013	Existing	2,907	16.7	95.25	11,242	0.6	91.75	3,568	16.6	243,000	5.7	151	4.4	239,900	97.4	16.4	4
Baltimore, MD metro area	8/31/2013	New Construction	145	19.8	4.75	1,011	-21.5	8.25	255	19.2	387,990	-5.4	176	-2.5	417,495	100.7	35.4	7
Baltimore, MD metro area	7/31/2013	Existing	3,063	28.1	94.95	11,187	-2.1	91.91	3,696	24.2	255,000	4.7	157	7.2	240,000	97.5	16.4	4
Baltimore, MD metro area	7/31/2013	New Construction	163	40.5	5.05	985	-23.5	8.09	225	-11.4	397,295	-4.9	170	-0.6	399,900	100.5	42.6	6
Baltimore, MD metro area	6/30/2013	Existing	3,198	20.5	95.15	11,102	-5.6	91.68	3,813	16.4	251,250	4.7	154	4.1	253,730	97.5	17.8	4
Baltimore, MD metro area	6/30/2013	New Construction	163	14.0	4.85	1,007	-21.0	8.32	221	-10.2	392,500	-1.9	174	2.9	390,945	102.1	39.6	6
Baltimore, MD metro area	5/31/2013	Existing	2,846	16.3	95.15	10,928	-7.2	91.42	4,349	22.4	245,000	6.5	153	5.9	259,900	97.3	17.8	4
Baltimore, MD metro area	5/31/2013	New Construction	145	6.6	4.85	1,026	-17.7	8.58	262	-4.7	389,900	4.1	167	4.5	379,990	100.0	34.0	7
Baltimore, MD metro area	4/30/2013	Existing	2,369	13.8	94.84	10,416	-11.4	90.72	4,584	21.9	230,000	0.0	146	3.1	259,000	96.9	16.4	4
Baltimore, MD metro area	4/30/2013	New Construction	129	3.2	5.16	1,065	-8.4	9.28	232	-3.3	368,000	0.8	165	-2.2	432,543	100.9	33.3	8
Baltimore, MD metro area	3/31/2013	Existing	2,024	3.5	94.62	9,499	-15.7	89.88	3,758	-3.4	220,000	7.3	142	6.2	250,000	96.6	14.8	5
Baltimore, MD metro area	3/31/2013	New Construction	115	-4.2	5.38	1,070	-5.6	10.12	259	8.4	344,900	-11.7	169	3.7	474,950	101.7	39.5	9
Baltimore, MD metro area	2/28/2013	Existing	1,510	-1.2	93.44	9,066	-16.1	89.35	2,804	-1.1	204,000	2.0	135	4.4	229,995	96.2	15.4	6
Baltimore, MD metro area	2/28/2013	New Construction	106	26.2	6.56	1,081	-9.4	10.65	213	-6.6	398,950	14.5	171	13.3	424,990	100.4	26.4	10
Baltimore, MD metro area	1/31/2013	Existing	1,592	14.9	93.76	8,843	-17.4	88.53	2,513	8.2	201,500	-1.7	134	0.5	212,250	96.1	14.4	6
Baltimore, MD metro area	1/31/2013	New Construction	106	24.7	6.24	1,146	-3.4	11.47	292	7.0	357,000	2.0	153	1.4	400,490	100.2	30.4	11
Baltimore, MD metro area	12/31/2012	Existing	2,003	12.7	93.38	9,101	-18.6	88.98	1,504	4.1	220,000	4.8	137	2.2	199,000	96.1	12.6	5
Baltimore, MD metro area	12/31/2012	New Construction	142	14.5	6.62	1,127	-4.1	11.02	143	-18.3	406,395	-1.0	167	-1.2	375,000	100.7	30.4	8
Baltimore, MD metro area	11/30/2012	Existing	2,147	26.0	94.21	9,935	-20.1	89.05	2,136	6.4	220,000	2.3	141	2.9	194,900	96.4	13.2	5
Baltimore, MD metro area	11/30/2012	New Construction	132	18.9	5.79	1,222	0.8	10.95	198	5.9	420,000	11.6	169	2.2	425,445	100.8	33.3	9
Baltimore, MD metro area	10/31/2012	Existing	2,021	21.0	93.44	10,643	-21.5	89.47	2,733	4.0	220,000	4.5	140	2.9	215,000	96.2	13.0	5
Baltimore, MD metro area	10/31/2012	New Construction	142	77.5	6.56	1,252	3.8	10.53	213	-21.4	374,995	-9.1	170	1.6	393,785	101.5	33.1	9
Baltimore, MD metro area	9/30/2012	Existing	2,154	9.6	95.82	11,024	-22.2	89.55	2,742	3.5	229,900	4.5	145	4.4	225,000	96.3	13.0	5
Baltimore, MD metro area	9/30/2012	New Construction	94	-11.3	4.18	1,286	5.0	10.45	212	6.0	395,801	5.2	167	-0.1	404,990	100.1	36.6	14
Baltimore, MD metro area	8/31/2012	Existing	2,491	15.4	95.37	11,177	-22.9	89.67	3,060	8.1	230,000	0.4	145	1.0	225,000	96.3	13.1	5
Baltimore, MD metro area	8/31/2012	New Construction	121	34.4	4.63	1,288	5.7	10.33	214	14.4	410,101	4.4	181	7.5	439,990	99.5	34.5	11
Baltimore, MD metro area	7/31/2012	Existing	2,392	5.1	95.37	11,425	-24.4	89.87	2,977	-5.6	243,500	9.4	146	1.0	229,000	96.4	12.0	5
Baltimore, MD metro area	7/31/2012	New Construction	116	70.6	4.63	1,288	2.6	10.13	254	31.6	417,926	5.0	171	-5.5	409,900	99.9	27.4	11
Baltimore, MD metro area	6/30/2012	Existing	2,655	5.8	94.89	11,766	-23.9	90.23	3,276	-4.9	240,000	4.8	148	2.5	239,000	96.5	13.7	4
Baltimore, MD metro area	6/30/2012	New Construction	143	23.3	5.11	1,274	3.2	9.77	246	10.3	399,900	6.5	169	5.2	406,697	99.9	29.4	9
Baltimore, MD metro area	5/31/2012	Existing	2,448	11.3	94.74	11,774	-24.4	90.43	3,554	-10.9	230,000	8.5	144	5.8	249,000	96.4	13.4	5
Baltimore, MD metro area	5/31/2012	New Construction	136	36.0	5.26	1,246	2.8	9.57	275	37.5	374,469	-9.8	160	-7.0	413,230	98.9	26.5	9
Baltimore, MD metro area	4/30/2012	Existing	2,081	0.1	94.33	11,760	-22.7	91.00	3,759	-7.6	230,000	11.7	142	3.1	249,900	95.9	12.3	6
Baltimore, MD metro area	4/30/2012	New Construction	125	11.6	5.67	1,163	-4.4	9.00	240	8.6	365,000	2.8	169	5.7	399,900	99.4	29.5	9
Baltimore, MD metro area	3/31/2012	Existing	1,956	0.1	94.22	11,272	-23.0	90.87	3,889	-5.5	205,000	7.9	134	1.6	250,000	95.3	11.3	6
Baltimore, MD metro area	3/31/2012	New Construction	120	0.8	5.78	1,133	-5.7	9.13	239	0.4	390,450	4.1	163	3.4	443,153	98.3	15.1	9
Baltimore, MD metro area	2/29/2012	Existing	1,528	6.6	94.79	10,808	-25.0	90.06	2,834	4.3	200,000	0.0	129	-3.0	225,000	95.1	11.6	7
Baltimore, MD metro area	2/29/2012	New Construction	84	1.2	5.21	1,193	-2.8	9.94	228	8.6	348,500	-3.2	151	-6.6	415,000	97.7	15.7	14
Baltimore, MD metro area	1/31/2012	Existing	1,385	-4.3	94.22	10,710		90.03	2,322	-11.6	205,000	0.0	134	-0.3	199,900	94.8	10.9	8
Baltimore, MD metro area	1/31/2012	New Construction	85	26.9	5.78	1,186		9.97	273	28.8	349,900	-9.4	151	-3.6	449,990	98.5	18.1	14
Baltimore, MD metro area	12/31/2011	Existing	1,778		93.48	11,176		90.49	1,445		209,950		135		185,000	94.9	10.6	6
Baltimore, MD metro area	12/31/2011	New Construction	124		6.52	1,175		9.51	175		410,354		169		446,300	97.9	24.6	10
Baltimore, MD metro area	11/30/2011	Existing	1,704		93.88	12,442		91.12	2,008		215,000		137		199,900	95.1	10.7	7
Baltimore, MD metro area	11/30/2011	New Construction	111		6.12	1,212		8.88	187		376,490		166		399,900	99.2	28.7	11
Baltimore, MD metro area	10/31/2011	Existing	1,670		95.43	13,559		91.83	2,627		210,500		136		212,000	95.4	10.7	8
Baltimore, MD metro area	10/31/2011	New Construction	80		4.57	1,206		8.17	271		412,518		167		407,450	97.5	17.9	15
Baltimore, MD metro area	9/30/2011	Existing	1,965		94.88	14,161		92.04	2,650		219,900		139		212,800	95.3	10.3	7
Baltimore, MD metro area	9/30/2011	New Construction	106		5.12	1,225		7.96	200		376,102		167		399,990	99.0	24.3	12
Baltimore, MD metro area	8/31/2011	Existing	2,159		96.00	14,495		92.25	2,832		229,000		143		209,900	95.4	10.2	7
Baltimore, MD metro area	8/31/2011	New Construction	90		4.00	1,218		7.75	187		392,849		168		399,900	99.3	28.4	14
Baltimore, MD metro area	7/31/2011	Existing	2,277		97.10	15,109		92.33	3,153		222,500		145		229,000	95.1	10.7	7
Baltimore, MD metro area	7/31/2011	New Construction	68		2.90	1,255		7.67	193		397,950		181		395,600	98.5	17.9	19
Baltimore, MD metro area	6/30/2011	Existing	2,509		95.58	15,463		92.61	3,444		229,000		144		232,000	95.5	10.4	6
Baltimore, MD metro area	6/30/2011	New Construction	116		4.42	1,234		7.39	223		375,500		161		384,900	98.2	27.8	11
Baltimore, MD metro area	5/31/2011	Existing	2,199		95.65	15,574		92.78	3,988		212,000		136		239,900	95.3	11.6	7
Baltimore, MD metro area	5/31/2011	New Construction	100		4.35	1,212		7.22	200		414,950		172		372,990	99.0	24.5	12
Baltimore, MD metro area	4/30/2011	Existing	2,079		94.89	15,216		92.59	4,066		206,000		137		249,900	95.5	12.3	7
Baltimore, MD metro area	4/30/2011	New Construction	112		5.11	1,217		7.41	221		354,950		160		393,975	97.8	23.6	11
Baltimore, MD metro area	3/31/2011	Existing	1,955		94.26	14,645		92.41	4,115		190,000		132		239,900	94.9	12.7	8
Baltimore, MD metro area	3/31/2011	New Construction	119		5.74	1,202		7.59	238		374,990		158		399,900	98.4	25.4	10
Baltimore, MD metro area	2/28/2011	Existing	1,433		94.53	14,404		92.15	2,717		200,000		133		216,500	94.8	12.7	10
Baltimore, MD metro area	2/28/2011	New Construction	83		5.47	1,227		7.85	210		360,000		162		403,831	98.8	17.5	15
Baltimore, MD metro area	1/31/2011	Existing	1,447		95.57				2,628		204,900		134		199,500	95.2	12.0	10
Baltimore, MD metro area	1/31/2011	New Construction	67		4.43				212		386,400		156		389,900	97.7	19.4	18
Boston, MA metro area	12/31/2014	Existing	3,643	7.1	91.56	10,443	-3.9	83.13	1,629	4.2	375,000	6.2	219	3.9	339,900	97.9	20.5	3
Boston, MA metro area	12/31/2014	New Construction	336	-18.4	8.44	2,120	-9.3	16.87	254	-8.0	529,050	0.8	256	0.9	509,450	99.8	34.2	6
Boston, MA metro area	11/30/2014	Existing	3,142	-3.7	92.06	14,008	-0.5	85.74	2,458	-4.7	370,000	4.5	220	4.1	355,000	98.0	22.8	5
Boston, MA metro area	11/30/2014	New Construction	271	-23.4	7.94	2,330	-9.2	14.26	338	-8.4	555,795	24.3	266	5.7	539,900	99.8	35.4	9
Boston, MA metro area	10/31/2014	Existing	3,686	2.0	92.24	16,305	0.3	87.42	4,429	0.3	359,000	2.5	217	1.2	379,900	98.1	24.1	4
Boston, MA metro area	10/31/2014	New Construction	310	-5.2	7.76	2,346	-10.3	12.58	479	3.0	524,305	10.2	254	10.1	602,360	99.7	35.2	8
Boston, MA metro area	9/30/2014	Existing	3,746	-2.2	91.95	16,998	0.4	88.25	5,404	2.2	366,500	1.8	221	2.7	390,000	98.2	24.3	5
Boston, MA metro area	9/30/2014	New Construction	328	1.9	8.05	2,264	-11.3	11.75	420	-23.9	500,000	-2.1	246	3.6	599,900	100.5	34.1	7
Boston, MA metro area	8/31/2014	Existing	4,866	-7.5	93.52	16,640	0.4	87.92	3,958	-9.7	390,000	2.7	230	2.9	369,000	98.9	29.1	3
Boston, MA metro area	8/31/2014	New Construction	337	-17.6	6.48	2,287	-5.1	12.08	347	-13.3	520,000	3.8	248	2.1	615,000	100.0	34.5	7
Boston, MA metro area	7/31/2014	Existing	5,202	-4.6	92.91	18,616	1.5	88.80	4,908	4.8	397,250	4.5	230	2.5	375,000	99.1	32.2	4
Boston, MA metro area	7/31/2014	New Construction	397	-1.7	7.09	2,348	-5.4	11.20	359	-8.9	515,000	12.0	245	1.2	522,400	100.7	36.0	6
Boston, MA metro area	6/30/2014	Existing	5,214	-0.1	92.84	19,930	-0.8	89.08	6,253	9.5	402,000	5.1	233	2.7	389,000	99.4	34.1	4
Boston, MA metro area	6/30/2014	New Construction	402	5.0	7.16	2,442	-3.9	10.92	414	-4.2	537,500	7.5	248	4.1	575,000	100.6	38.6	6
Boston, MA metro area	5/31/2014	Existing	4,033	-5.6	90.81	19,912	-2.7	88.82	7,201	-0.1	375,000	5.6	226	5.3	399,900	99.2	33.1	5
Boston, MA metro area	5/31/2014	New Construction	408	17.6	9.19	2,507	-2.0	11.18	512	-5.0	499,000	3.3	259	10.4	559,850	100.7	43.1	6
Boston, MA metro area	4/30/2014	Existing	2,986	-4.5	90.35	17,589	-4.6	87.67	7,002	-3.2	350,000	3.2	219	5.5	399,900	98.7	29.7	6
Boston, MA metro area	4/30/2014	New Construction	319	5.6	9.65	2,474	0.9	12.33	434	-26.1	536,418	9.8	258	13.8	574,900	100.5	36.1	8
Boston, MA metro area	3/31/2014	Existing	2,470	-4.3	89.56	14,345	-5.0	85.51	5,467	7.1	345,000	9.5	207	5.1	398,950	98.2	26.7	6
Boston, MA metro area	3/31/2014	New Construction	288	12.5	10.44	2,430	7.2	14.49	442	-10.0	510,000	4.5	238	2.6	544,500	99.9	30.9	8
Boston, MA metro area	2/28/2014	Existing	1,799	-5.4	87.71	12,010	-9.4	83.38	3,644	0.6	325,000	8.3	201	8.5	379,900	97.4	20.0	7
Boston, MA metro area	2/28/2014	New Construction	252	31.3	12.29	2,394	13.0	16.62	316	-19.8	512,250	5.1	244	8.5	565,000	99.9	32.5	10
Boston, MA metro area	1/31/2014	Existing	2,312	0.2	89.54	10,727	-11.3	81.67	2,865	-11.8	350,000	12.7	209	12.4	359,800	97.5	18.5	5
Boston, MA metro area	1/31/2014	New Construction	270	8.0	10.46	2,408	19.4	18.33	399	-9.1	502,500	4.8	239	5.1	549,900	100.1	28.1	9
Boston, MA metro area	12/31/2013	Existing	3,400	5.6	89.19	10,867	-9.1	82.30	1,563	4.4	353,125	7.7	211	7.0	329,000	97.6	22.5	3
Boston, MA metro area	12/31/2013	New Construction	412	11.7	10.81	2,337	21.4	17.70	276	45.3	525,000	16.7	253	14.7	598,850	99.9	32.8	6
Boston, MA metro area	11/30/2013	Existing	3,262	-6.6	90.21	14,072	-5.7	84.58	2,580	3.9	354,000	8.9	211	7.0	339,900	97.9	24.6	4
Boston, MA metro area	11/30/2013	New Construction	354	13.5	9.79	2,565	16.6	15.42	369	13.5	447,100	0.8	251	9.5	519,900	100.2	36.4	7
Boston, MA metro area	10/31/2013	Existing	3,612	13.6	91.70	16,256	-7.2	86.15	4,417	16.2	350,250	10.8	214	11.0	369,000	98.2	26.6	5
Boston, MA metro area	10/31/2013	New Construction	327	19.3	8.30	2,614	14.2	13.85	465	29.9	475,898	12.0	231	-0.2	491,690	99.8	34.3	8
Boston, MA metro area	9/30/2013	Existing	3,832	22.2	92.25	16,925	-8.1	86.89	5,286	11.4	359,950	10.8	215	10.4	374,900	98.3	27.6	4
Boston, MA metro area	9/30/2013	New Construction	322	13.0	7.75	2,553	9.9	13.11	552	29.3	510,950	13.6	237	1.1	508,770	100.5	37.3	8
Boston, MA metro area	8/31/2013	Existing	5,260	10.6	92.79	16,570	-8.7	87.30	4,381	14.1	379,900	10.1	224	9.0	349,000	98.7	29.4	3
Boston, MA metro area	8/31/2013	New Construction	409	16.5	7.21	2,411	5.4	12.70	400	12.7	501,000	9.7	243	6.6	479,900	100.2	32.3	6
Boston, MA metro area	7/31/2013	Existing	5,452	22.7	93.10	18,349	-9.8	88.09	4,685	16.0	380,000	7.0	224	8.4	355,000	98.9	31.1	3
Boston, MA metro area	7/31/2013	New Construction	404	34.2	6.90	2,481	4.8	11.91	394	33.6	460,000	0.2	242	4.6	505,415	100.2	37.1	6
Boston, MA metro area	6/30/2013	Existing	5,217	6.8	93.16	20,085	-8.7	88.77	5,712	13.8	382,500	3.4	227	4.6	375,000	98.9	32.5	4
Boston, MA metro area	6/30/2013	New Construction	383	-0.5	6.84	2,540	3.3	11.23	432	1.6	499,900	13.6	238	4.9	539,000	100.0	31.6	7
Boston, MA metro area	5/31/2013	Existing	4,272	8.8	92.49	20,460	-11.9	88.89	7,210	22.4	355,000	7.9	215	4.9	389,900	98.5	29.1	5
Boston, MA metro area	5/31/2013	New Construction	347	3.3	7.51	2,557	1.5	11.11	539	20.3	483,205	-3.8	234	2.9	499,888	100.0	31.1	7
Boston, MA metro area	4/30/2013	Existing	3,126	3.9	91.19	18,440	-17.8	88.26	7,235	15.7	339,000	7.6	207	8.6	384,900	98.1	26.7	6
Boston, MA metro area	4/30/2013	New Construction	302	18.0	8.81	2,453	-2.9	11.74	587	18.6	488,715	2.0	226	0.6	519,900	99.3	29.8	8
Boston, MA metro area	3/31/2013	Existing	2,582	-2.2	90.98	15,095	-25.5	86.95	5,103	-23.7	315,000	6.8	197	9.7	369,000	97.2	20.8	6
Boston, MA metro area	3/31/2013	New Construction	256	6.7	9.02	2,266	-6.4	13.05	491	-0.6	488,028	12.2	232	6.8	469,625	99.0	21.9	9
Boston, MA metro area	2/28/2013	Existing	1,902	-3.5	90.83	13,252	-23.7	86.22	3,621	-17.7	300,100	7.8	185	8.6	359,900	96.7	16.7	7
Boston, MA metro area	2/28/2013	New Construction	192	-1.0	9.17	2,118	-7.1	13.78	394	-6.6	487,450	12.8	225	2.6	459,000	99.3	32.3	11
Boston, MA metro area	1/31/2013	Existing	2,308	18.8	90.23	12,094	-23.7	85.71	3,248	-3.6	310,500	5.3	186	3.3	339,000	96.8	16.9	5
Boston, MA metro area	1/31/2013	New Construction	250	56.3	9.77	2,016	-5.6	14.29	439	19.0	479,500	13.6	228	5.2	485,280	98.5	18.0	8
Boston, MA metro area	12/31/2012	Existing	3,219	13.8	89.72	11,959	-23.1	86.14	1,497	-15.1	328,000	9.3	197	7.4	290,000	97.0	18.9	4
Boston, MA metro area	12/31/2012	New Construction	369	38.2	10.28	1,925	-6.4	13.86	190	-11.6	450,000	-8.1	221	-4.6	482,450	99.1	29.0	5
Boston, MA metro area	11/30/2012	Existing	3,494	31.9	91.80	14,930	-20.0	87.16	2,484	-4.1	325,000	4.8	197	4.5	315,000	97.1	17.6	4
Boston, MA metro area	11/30/2012	New Construction	312	45.1	8.20	2,199	-1.7	12.84	325	5.5	443,766	-2.3	230	1.7	469,900	99.0	22.4	7
Boston, MA metro area	10/31/2012	Existing	3,180	26.7	92.07	17,513	-17.5	88.45	3,801	2.5	316,000	9.0	193	6.0	334,000	97.0	17.9	6
Boston, MA metro area	10/31/2012	New Construction	274	22.3	7.93	2,288	1.9	11.55	358	-10.9	424,950	0.5	232	2.6	489,900	98.9	28.5	8
Boston, MA metro area	9/30/2012	Existing	3,136	5.9	91.67	18,411	-17.0	88.79	4,743	-2.3	325,000	1.8	195	1.5	349,900	97.0	17.0	6
Boston, MA metro area	9/30/2012	New Construction	285	16.8	8.33	2,324	5.3	11.21	427	4.4	449,900	-5.9	235	-1.7	499,000	98.9	23.5	8
Boston, MA metro area	8/31/2012	Existing	4,757	24.9	93.13	18,147	-18.3	88.81	3,840	-4.1	345,000	1.5	205	-0.4	314,900	97.1	16.5	4
Boston, MA metro area	8/31/2012	New Construction	351	38.2	6.87	2,287	5.0	11.19	355	2.6	456,693	4.2	228	-4.0	459,900	98.7	24.8	7
Boston, MA metro area	7/31/2012	Existing	4,444	27.8	93.66	20,334	-14.9	89.57	4,040	-3.5	355,000	1.4	207	-1.3	325,000	97.2	18.0	5
Boston, MA metro area	7/31/2012	New Construction	301	23.9	6.34	2,367	8.8	10.43	295	-4.5	458,900	2.0	231	-0.3	449,000	98.2	25.2	8
Boston, MA metro area	6/30/2012	Existing	4,884	16.9	92.69	22,007	-12.0	89.95	5,018	-11.0	369,900	5.7	217	2.2	339,900	97.2	17.8	5
Boston, MA metro area	6/30/2012	New Construction	385	23.8	7.31	2,458	11.3	10.05	425	13.0	440,030	-11.1	227	-4.7	469,000	98.5	19.8	6
Boston, MA metro area	5/31/2012	Existing	3,926	27.9	92.12	23,234	-8.1	90.22	5,891	-6.7	329,000	2.2	205	2.4	359,900	97.1	17.7	6
Boston, MA metro area	5/31/2012	New Construction	336	48.7	7.88	2,520	11.8	9.78	448	4.9	502,450	7.7	228	-1.8	479,900	98.3	15.8	8
Boston, MA metro area	4/30/2012	Existing	3,009	17.8	92.16	22,435	-4.3	89.88	6,252	-9.2	315,000	3.5	191	0.3	359,900	96.5	15.2	8
Boston, MA metro area	4/30/2012	New Construction	256	28.6	7.84	2,525	16.7	10.12	495	24.4	478,950	3.0	225	-4.6	479,900	97.7	12.1	10
Boston, MA metro area	3/31/2012	Existing	2,641	16.0	91.67	20,273	-0.3	89.33	6,685	-1.1	294,900	1.8	180	-0.4	369,000	95.9	13.6	8
Boston, MA metro area	3/31/2012	New Construction	240	15.4	8.33	2,422	17.6	10.67	494	21.7	435,000	1.1	217	0.3	498,500	98.5	17.1	10
Boston, MA metro area	2/29/2012	Existing	1,970	29.7	91.04	17,362	1.8	88.39	4,399	31.9	278,500	-0.5	171	-4.0	350,000	95.5	12.3	9
Boston, MA metro area	2/29/2012	New Construction	194	56.5	8.96	2,281	16.3	11.61	422	50.7	432,053	-0.3	219	3.1	482,500	97.9	19.6	12
Boston, MA metro area	1/31/2012	Existing	1,943	1.9	92.39	15,849		88.12	3,368	14.3	295,000	-1.5	180	-2.7	309,900	95.5	11.8	8
Boston, MA metro area	1/31/2012	New Construction	160	-5.3	7.61	2,136		11.88	369	28.6	422,000	-9.6	217	-2.7	499,950	97.9	23.8	13
Boston, MA metro area	12/31/2011	Existing	2,828		91.37	15,560		88.33	1,763		300,000		184		264,108	95.7	10.7	6
Boston, MA metro area	12/31/2011	New Construction	267		8.63	2,056		11.67	215		489,874		232		439,000	97.6	16.5	8
Boston, MA metro area	11/30/2011	Existing	2,648		92.49	18,660		89.29	2,589		310,000		189		284,900	95.7	11.2	7
Boston, MA metro area	11/30/2011	New Construction	215		7.51	2,238		10.71	308		454,000		226		436,056	98.8	25.1	10
Boston, MA metro area	10/31/2011	Existing	2,509		91.80	21,219		90.43	3,707		290,000		182		309,900	95.6	10.4	9
Boston, MA metro area	10/31/2011	New Construction	224		8.20	2,246		9.57	402		422,665		226		479,000	97.8	21.9	10
Boston, MA metro area	9/30/2011	Existing	2,960		92.38	22,170		90.95	4,855		319,220		192		339,900	96.0	11.2	8
Boston, MA metro area	9/30/2011	New Construction	244		7.62	2,206		9.05	409		478,050		239		479,900	98.8	27.5	9
Boston, MA metro area	8/31/2011	Existing	3,809		93.75	22,219		91.07	4,003		340,000		206		319,000	96.2	10.6	6
Boston, MA metro area	8/31/2011	New Construction	254		6.25	2,179		8.93	346		438,450		237		521,000	98.6	22.0	9
Boston, MA metro area	7/31/2011	Existing	3,478		93.47	23,887		91.65	4,188		350,000		210		320,000	96.5	13.0	7
Boston, MA metro area	7/31/2011	New Construction	243		6.53	2,175		8.35	309		450,000		232		439,000	98.1	21.4	9
Boston, MA metro area	6/30/2011	Existing	4,178		93.07	25,002		91.88	5,637		350,000		212		344,450	96.5	12.2	6
Boston, MA metro area	6/30/2011	New Construction	311		6.93	2,209		8.12	376		495,000		238		443,000	98.0	18.0	7
Boston, MA metro area	5/31/2011	Existing	3,070		93.14	25,278		91.81	6,313		322,000		200		358,900	96.3	13.6	8
Boston, MA metro area	5/31/2011	New Construction	226		6.86	2,255		8.19	427		466,341		232		459,900	97.9	15.5	10
Boston, MA metro area	4/30/2011	Existing	2,554		92.77	23,445		91.55	6,885		304,250		190		359,000	96.0	13.5	9
Boston, MA metro area	4/30/2011	New Construction	199		7.23	2,163		8.45	398		465,000		236		489,850	97.7	16.1	11
Boston, MA metro area	3/31/2011	Existing	2,276		91.63	20,342		90.81	6,759		289,750		181		359,777	95.6	11.6	9
Boston, MA metro area	3/31/2011	New Construction	208		8.37	2,059		9.19	406		430,450		217		475,000	97.7	16.8	10
Boston, MA metro area	2/28/2011	Existing	1,519		92.45	17,061		89.69	3,336		280,000		178		329,950	95.5	11.7	11
Boston, MA metro area	2/28/2011	New Construction	124		7.55	1,962		10.31	280		433,500		213		449,900	98.0	25.0	16
Boston, MA metro area	1/31/2011	Existing	1,907		91.86				2,946		299,500		185		299,900	95.6	11.3	9
Boston, MA metro area	1/31/2011	New Construction	169		8.14				287		466,729		223		489,900	97.8	14.2	12
Chicago, IL metro area	12/31/2014	Existing	6,808	-1.3	96.98	28,362	12.0	95.90	5,153	-4.3	180,000	4.7	118	3.0	160,000	96.0	16.8	4
Chicago, IL metro area	12/31/2014	New Construction	212	-7.0	3.02	1,214	20.4	4.10	209	-13.6	485,023	1.2	198	5.7	499,900	99.2	28.3	6
Chicago, IL metro area	11/30/2014	Existing	5,944	-8.1	97.30	31,775	14.7	96.20	6,504	-1.2	180,000	7.8	117	5.6	174,900	96.2	17.6	5
Chicago, IL metro area	11/30/2014	New Construction	165	-2.4	2.70	1,254	24.9	3.80	225	8.2	485,000	15.5	183	10.0	510,000	99.8	29.1	8
Chicago, IL metro area	10/31/2014	Existing	7,724	-2.0	97.55	34,579	9.9	96.50	9,223	1.9	184,000	7.0	120	4.4	189,900	96.4	17.2	5
Chicago, IL metro area	10/31/2014	New Construction	194	-7.6	2.45	1,256	23.3	3.50	276	1.8	499,607	14.7	216	19.3	592,450	100.3	31.4	7
Chicago, IL metro area	9/30/2014	Existing	7,695	-5.2	97.21	35,886	13.6	96.61	10,360	5.8	192,000	6.1	125	5.3	209,900	96.5	18.3	5
Chicago, IL metro area	9/30/2014	New Construction	221	15.7	2.79	1,258	24.3	3.39	330	16.2	479,000	16.2	196	7.8	529,450	100.6	43.0	6
Chicago, IL metro area	8/31/2014	Existing	8,774	-10.1	97.29	35,824	15.2	96.82	10,625	-3.2	212,000	8.7	131	4.9	200,000	96.9	18.4	4
Chicago, IL metro area	8/31/2014	New Construction	244	19.0	2.71	1,177	24.4	3.18	247	-1.6	498,300	21.1	210	33.3	549,990	100.8	36.5	5
Chicago, IL metro area	7/31/2014	Existing	9,394	-5.2	97.76	35,903	15.6	96.87	12,100	5.2	215,950	8.0	134	7.5	215,000	97.3	20.3	4
Chicago, IL metro area	7/31/2014	New Construction	215	-0.5	2.24	1,161	22.2	3.13	356	13.0	487,250	40.7	186	18.7	499,000	100.2	31.2	5
Chicago, IL metro area	6/30/2014	Existing	9,472	1.4	97.90	34,034	11.0	96.91	13,149	11.6	216,000	7.2	133	5.7	227,500	97.4	21.5	4
Chicago, IL metro area	6/30/2014	New Construction	203	-5.6	2.10	1,084	21.1	3.09	250	-16.9	479,000	22.6	200	26.1	479,450	98.7	23.6	5
Chicago, IL metro area	5/31/2014	Existing	8,264	-10.9	97.46	31,546	5.0	96.65	13,710	10.7	205,000	13.9	126	8.4	234,900	97.2	21.9	4
Chicago, IL metro area	5/31/2014	New Construction	215	5.4	2.54	1,093	24.9	3.35	300	1.4	495,000	13.9	233	40.6	554,950	99.2	25.1	5
Chicago, IL metro area	4/30/2014	Existing	7,199	-6.8	97.84	29,916	1.5	96.46	13,746	10.4	185,000	9.1	120	9.5	229,900	97.3	22.6	4
Chicago, IL metro area	4/30/2014	New Construction	159	-23.6	2.16	1,099	33.7	3.54	311	-7.7	505,000	9.8	203	3.5	499,950	98.4	17.6	7
Chicago, IL metro area	3/31/2014	Existing	6,055	-9.3	97.14	27,686	-3.9	96.20	11,691	10.3	173,000	15.3	114	14.2	225,000	96.7	21.7	5
Chicago, IL metro area	3/31/2014	New Construction	178	-5.8	2.86	1,094	30.2	3.80	327	23.4	489,325	15.1	187	4.8	527,995	99.7	34.8	6
Chicago, IL metro area	2/28/2014	Existing	4,840	-3.4	97.62	26,086	-10.0	96.11	8,816	-6.1	155,000	14.8	105	11.3	212,500	96.8	23.0	5
Chicago, IL metro area	2/28/2014	New Construction	118	-15.1	2.38	1,055	16.4	3.89	327	44.7	449,955	18.4	184	22.5	522,121	99.7	28.8	9
Chicago, IL metro area	1/31/2014	Existing	4,974	-6.6	97.86	25,076	-13.0	96.16	7,316	-16.6	160,000	15.1	107	13.7	189,000	96.7	22.3	5
Chicago, IL metro area	1/31/2014	New Construction	109	-12.1	2.14	1,002	3.0	3.84	226	-15.4	476,506	8.6	179	1.0	489,000	98.9	30.3	9
Chicago, IL metro area	12/31/2013	Existing	6,898	10.6	96.80	25,331	-12.2	96.17	5,383	6.7	172,000	15.8	115	15.8	150,000	97.0	22.7	4
Chicago, IL metro area	12/31/2013	New Construction	228	21.9	3.20	1,008	7.3	3.83	242	44.0	479,498	19.9	188	16.6	514,450	99.4	30.3	4
Chicago, IL metro area	11/30/2013	Existing	6,466	0.3	97.45	27,714	-12.7	96.50	6,581	3.2	167,000	9.9	111	10.5	159,900	96.7	23.0	4
Chicago, IL metro area	11/30/2013	New Construction	169	-2.9	2.55	1,004	-0.9	3.50	208	9.5	420,000	15.1	166	13.2	485,186	99.4	25.4	6
Chicago, IL metro area	10/31/2013	Existing	7,885	11.9	97.41	31,458	-9.0	96.86	9,050	7.5	172,000	14.7	115	14.0	179,000	97.0	22.5	4
Chicago, IL metro area	10/31/2013	New Construction	210	34.6	2.59	1,019	-4.0	3.14	271	9.7	435,750	10.3	181	4.1	485,000	99.6	33.8	5
Chicago, IL metro area	9/30/2013	Existing	8,121	27.6	97.70	31,585	-13.7	96.90	9,792	15.6	181,000	16.8	118	14.7	189,900	97.3	23.5	4
Chicago, IL metro area	9/30/2013	New Construction	191	18.6	2.30	1,012	-4.0	3.10	284	6.4	412,150	9.9	182	12.4	549,900	100.1	36.6	5
Chicago, IL metro area	8/31/2013	Existing	9,758	24.3	97.94	31,090	-17.2	97.05	10,974	16.3	195,000	17.6	125	14.3	189,900	97.4	23.9	3
Chicago, IL metro area	8/31/2013	New Construction	205	24.2	2.06	946	-6.6	2.95	251	20.1	411,500	8.3	158	-4.8	474,450	99.7	29.8	5
Chicago, IL metro area	7/31/2013	Existing	9,912	44.8	97.87	31,067	-19.9	97.03	11,503	19.8	200,000	17.6	125	12.4	199,900	97.4	24.6	3
Chicago, IL metro area	7/31/2013	New Construction	216	20.0	2.13	950	-8.8	2.97	315	9.0	346,370	-15.5	157	5.9	485,000	99.4	31.5	4
Chicago, IL metro area	6/30/2013	Existing	9,343	21.8	97.75	30,672	-22.1	97.16	11,778	12.6	201,500	14.3	126	8.5	199,900	97.3	24.1	3
Chicago, IL metro area	6/30/2013	New Construction	215	-4.9	2.25	895	-7.9	2.84	301	14.0	390,722	0.3	159	-2.3	469,000	99.1	27.4	4
Chicago, IL metro area	5/31/2013	Existing	9,276	31.3	97.85	30,054	-24.0	97.17	12,381	13.9	180,000	8.6	117	7.6	215,000	97.1	23.7	3
Chicago, IL metro area	5/31/2013	New Construction	204	0.0	2.15	875	-9.1	2.83	296	24.9	434,500	5.5	166	9.0	449,495	98.3	28.4	4
Chicago, IL metro area	4/30/2013	Existing	7,723	31.4	97.38	29,460	-25.7	97.29	12,450	15.6	169,500	10.1	110	7.3	199,900	96.8	23.3	4
Chicago, IL metro area	4/30/2013	New Construction	208	20.9	2.62	822	-15.3	2.71	337	35.3	460,000	23.5	197	29.5	439,950	97.5	22.1	4
Chicago, IL metro area	3/31/2013	Existing	6,678	20.1	97.25	28,822	-27.2	97.17	10,595	-5.6	150,000	3.4	100	1.3	198,000	96.2	21.4	4
Chicago, IL metro area	3/31/2013	New Construction	189	11.2	2.75	840	-15.1	2.83	265	-14.5	425,000	29.4	179	28.4	420,000	98.2	27.5	4
Chicago, IL metro area	2/28/2013	Existing	5,008	19.0	97.30	28,988	-25.5	96.97	9,390	0.2	135,000	2.7	95	4.3	186,500	95.8	21.9	6
Chicago, IL metro area	2/28/2013	New Construction	139	35.0	2.70	906	-9.1	3.03	226	5.6	380,000	13.7	150	8.9	449,900	97.6	16.5	7
Chicago, IL metro area	1/31/2013	Existing	5,326	36.9	97.72	28,823	-25.1	96.73	8,771	11.3	139,000	2.4	94	2.1	160,000	95.5	20.6	5
Chicago, IL metro area	1/31/2013	New Construction	124	29.2	2.28	973	-3.8	3.27	267	40.5	438,700	30.0	178	24.4	449,900	97.7	21.8	8
Chicago, IL metro area	12/31/2012	Existing	6,239	19.6	97.09	28,842	-25.9	96.85	5,046	0.5	148,500	6.1	99	2.5	129,999	95.3	19.5	5
Chicago, IL metro area	12/31/2012	New Construction	187	16.1	2.91	939	-11.7	3.15	168	30.2	400,000	24.2	161	14.9	382,450	97.3	25.1	5
Chicago, IL metro area	11/30/2012	Existing	6,448	38.0	97.37	31,751	-24.8	96.91	6,379	-3.0	152,000	5.6	101	3.4	139,900	95.4	18.9	5
Chicago, IL metro area	11/30/2012	New Construction	174	19.2	2.63	1,013	-8.7	3.09	190	8.6	364,750	13.4	147	-6.2	439,900	96.6	17.8	6
Chicago, IL metro area	10/31/2012	Existing	7,045	44.2	97.83	34,581	-22.5	97.02	8,417	8.7	150,000	4.9	101	3.5	155,000	95.4	18.6	5
Chicago, IL metro area	10/31/2012	New Construction	156	24.8	2.17	1,062	-8.2	2.98	247	22.3	394,950	18.3	174	23.3	431,995	98.1	26.9	7
Chicago, IL metro area	9/30/2012	Existing	6,365	21.4	97.53	36,606	-21.5	97.20	8,470	3.5	155,000	-2.5	103	-2.3	155,000	95.6	18.8	6
Chicago, IL metro area	9/30/2012	New Construction	161	11.0	2.47	1,054	-12.1	2.80	267	32.8	375,000	3.0	162	4.1	409,900	97.7	26.9	7
Chicago, IL metro area	8/31/2012	Existing	7,850	29.5	97.94	37,536	-22.2	97.37	9,433	1.5	165,750	-2.5	109	-3.5	160,000	95.4	17.7	5
Chicago, IL metro area	8/31/2012	New Construction	165	11.5	2.06	1,013	-17.4	2.63	209	-11.1	380,000	11.8	166	17.7	399,000	97.1	24.2	6
Chicago, IL metro area	7/31/2012	Existing	6,845	23.7	97.44	38,798	-21.6	97.38	9,603	5.5	170,000	-2.9	111	-4.2	168,900	95.4	17.1	6
Chicago, IL metro area	7/31/2012	New Construction	180	5.9	2.56	1,042	-13.5	2.62	289	52.9	410,000	33.5	148	-1.1	389,900	97.5	22.2	6
Chicago, IL metro area	6/30/2012	Existing	7,668	21.0	97.14	39,361	-22.0	97.59	10,457	1.4	176,250	1.6	116	0.0	169,999	95.4	16.9	5
Chicago, IL metro area	6/30/2012	New Construction	226	22.2	2.86	972	-19.9	2.41	264	36.8	389,500	9.7	162	7.3	379,000	97.4	20.9	4
Chicago, IL metro area	5/31/2012	Existing	7,066	25.9	97.19	39,549	-21.9	97.62	10,870	-0.4	165,750	1.7	108	0.0	169,999	95.0	16.7	6
Chicago, IL metro area	5/31/2012	New Construction	204	24.4	2.81	963	-23.6	2.38	237	-9.2	411,753	12.9	152	-3.6	399,400	96.6	13.2	5
Chicago, IL metro area	4/30/2012	Existing	5,879	19.3	97.16	39,658	-20.7	97.61	10,772	-2.5	153,900	-1.3	102	-2.0	179,900	94.8	15.9	7
Chicago, IL metro area	4/30/2012	New Construction	172	23.7	2.84	971	-22.9	2.39	249	18.0	372,500	4.9	152	-7.8	449,000	96.4	18.0	6
Chicago, IL metro area	3/31/2012	Existing	5,562	20.7	97.03	39,575	-19.7	97.56	11,227	-8.3	145,000	-3.3	98	-1.7	179,900	94.5	17.1	7
Chicago, IL metro area	3/31/2012	New Construction	170	12.6	2.97	989	-25.6	2.44	310	14.0	328,500	-13.6	139	-12.1	419,000	96.5	20.6	6
Chicago, IL metro area	2/29/2012	Existing	4,208	24.1	97.61	38,929	-18.7	97.50	9,370	8.8	131,500	-9.3	91	-5.8	175,000	94.1	17.2	9
Chicago, IL metro area	2/29/2012	New Construction	103	4.0	2.39	997	-27.8	2.50	214	26.6	334,073	-4.3	138	-11.7	399,900	96.3	14.6	10
Chicago, IL metro area	1/31/2012	Existing	3,891	12.5	97.59	38,503		97.44	7,877	-9.0	135,680	-9.5	93	-10.0	159,000	93.7	15.6	10
Chicago, IL metro area	1/31/2012	New Construction	96	-8.6	2.41	1,011		2.56	190	-18.8	337,500	-12.2	143	-9.1	475,000	96.4	18.8	11
Chicago, IL metro area	12/31/2011	Existing	5,216		97.01	38,938		97.34	5,020		140,000		97		124,900	93.8	15.1	8
Chicago, IL metro area	12/31/2011	New Construction	161		2.99	1,063		2.66	129		322,000		140		314,800	96.6	21.7	7
Chicago, IL metro area	11/30/2011	Existing	4,674		96.97	42,213		97.44	6,575		144,000		97		142,700	93.7	15.6	9
Chicago, IL metro area	11/30/2011	New Construction	146		3.03	1,109		2.56	175		321,673		157		355,000	96.3	24.7	8
Chicago, IL metro area	10/31/2011	Existing	4,887		97.51	44,624		97.47	7,742		143,000		98		154,000	93.8	15.3	9
Chicago, IL metro area	10/31/2011	New Construction	125		2.49	1,157		2.53	202		333,986		141		432,400	95.7	16.0	9
Chicago, IL metro area	9/30/2011	Existing	5,244		97.31	46,642		97.49	8,180		159,000		105		165,000	94.0	14.6	9
Chicago, IL metro area	9/30/2011	New Construction	145		2.69	1,199		2.51	201		364,000		155		309,495	96.9	26.9	8
Chicago, IL metro area	8/31/2011	Existing	6,060		97.62	48,231		97.52	9,292		170,000		113		164,900	93.9	13.7	8
Chicago, IL metro area	8/31/2011	New Construction	148		2.38	1,226		2.48	235		340,000		141		308,660	95.0	14.2	8
Chicago, IL metro area	7/31/2011	Existing	5,533		97.02	49,499		97.62	9,106		175,000		116		175,000	94.4	13.8	9
Chicago, IL metro area	7/31/2011	New Construction	170		2.98	1,205		2.38	189		307,110		149		379,000	95.5	16.5	7
Chicago, IL metro area	6/30/2011	Existing	6,335		97.16	50,442		97.65	10,311		173,500		116		184,900	94.3	14.8	8
Chicago, IL metro area	6/30/2011	New Construction	185		2.84	1,214		2.35	193		355,000		151		352,450	95.8	20.5	7
Chicago, IL metro area	5/31/2011	Existing	5,613		97.16	50,625		97.57	10,919		163,000		108		195,000	94.5	15.9	9
Chicago, IL metro area	5/31/2011	New Construction	164		2.84	1,261		2.43	261		364,750		158		358,375	95.7	15.9	8
Chicago, IL metro area	4/30/2011	Existing	4,928		97.26	50,025		97.54	11,045		156,000		104		195,000	94.4	17.3	10
Chicago, IL metro area	4/30/2011	New Construction	139		2.74	1,260		2.46	211		355,000		165		359,950	95.6	10.8	9
Chicago, IL metro area	3/31/2011	Existing	4,608		96.83	49,268		97.37	12,245		150,000		100		194,900	94.4	17.3	11
Chicago, IL metro area	3/31/2011	New Construction	151		3.17	1,330		2.63	272		380,000		158		349,900	95.0	11.9	9
Chicago, IL metro area	2/28/2011	Existing	3,391		97.16	47,899		97.20	8,609		145,000		96		189,000	94.5	19.2	14
Chicago, IL metro area	2/28/2011	New Construction	99		2.84	1,381		2.80	169		349,000		156		364,405	94.8	12.1	14
Chicago, IL metro area	1/31/2011	Existing	3,458		97.05				8,656		150,000		103		169,900	94.1	17.0	14
Chicago, IL metro area	1/31/2011	New Construction	105		2.95				234		384,500		157		349,900	95.1	15.2	14
New Orleans, LA metro area	12/31/2014	Existing	904	10.8	86.10	5,445	-4.0	86.88	652	13.8	169,950	6.9	98	6.5	164,900	95.3	12.3	6
New Orleans, LA metro area	12/31/2014	New Construction	146	-3.9	13.90	822	6.9	13.12	117	33.0	235,870	17.9	118	6.2	243,500	97.6	6.8	6
New Orleans, LA metro area	11/30/2014	Existing	778	2.2	85.31	5,614	-4.7	87.04	702	-8.0	159,250	1.1	97	6.0	168,500	95.4	14.3	7
New Orleans, LA metro area	11/30/2014	New Construction	134	15.5	14.69	836	3.0	12.96	114	-3.4	250,000	10.9	119	0.2	244,450	97.8	9.7	6
New Orleans, LA metro area	10/31/2014	Existing	985	5.3	85.13	5,709	-2.9	87.04	957	6.1	159,900	2.2	96	6.2	167,900	95.6	14.4	6
New Orleans, LA metro area	10/31/2014	New Construction	172	39.8	14.87	850	4.7	12.96	172	48.3	239,650	8.9	118	2.7	239,500	98.2	7.6	5
New Orleans, LA metro area	9/30/2014	Existing	957	3.5	84.17	5,761	-2.8	87.50	983	1.7	160,000	3.2	94	1.9	171,000	95.7	13.6	6
New Orleans, LA metro area	9/30/2014	New Construction	180	25.9	15.83	823	0.9	12.50	155	10.7	197,900	-5.8	112	0.4	285,990	97.6	7.2	5
New Orleans, LA metro area	8/31/2014	Existing	1,019	-7.5	85.13	5,774	-2.3	87.50	935	-13.3	170,000	4.9	98	0.2	179,000	95.5	12.6	6
New Orleans, LA metro area	8/31/2014	New Construction	178	32.8	14.87	825	4.4	12.50	146	-3.9	212,050	4.4	113	-0.8	249,000	98.0	9.6	5
New Orleans, LA metro area	7/31/2014	Existing	1,101	7.2	86.08	5,951	1.1	87.49	1,088	-2.9	174,000	-0.2	102	2.0	178,000	95.2	13.4	5
New Orleans, LA metro area	7/31/2014	New Construction	178	26.2	13.92	851	12.6	12.51	179	27.0	235,650	3.4	120	2.2	249,000	98.4	7.9	5
New Orleans, LA metro area	6/30/2014	Existing	1,128	13.3	85.58	6,058	3.4	87.89	1,110	12.8	174,500	-1.7	100	-0.8	173,000	95.6	14.2	5
New Orleans, LA metro area	6/30/2014	New Construction	190	36.7	14.42	835	11.9	12.11	149	12.0	242,950	-2.4	123	3.6	254,900	98.1	12.6	4
New Orleans, LA metro area	5/31/2014	Existing	1,081	-1.2	86.83	6,111	2.4	87.54	1,065	-4.1	173,000	-3.4	95	-3.9	189,000	95.5	13.1	6
New Orleans, LA metro area	5/31/2014	New Construction	164	0.0	13.17	870	19.3	12.46	176	28.5	233,450	3.8	119	7.9	239,900	98.0	4.9	5
New Orleans, LA metro area	4/30/2014	Existing	895	-6.9	84.83	6,136	1.6	87.73	1,150	7.8	160,000	-3.0	95	1.1	189,900	95.4	14.4	7
New Orleans, LA metro area	4/30/2014	New Construction	160	13.5	15.17	858	11.6	12.27	228	57.2	205,188	-3.3	114	0.5	229,218	98.0	9.4	5
New Orleans, LA metro area	3/31/2014	Existing	750	-10.0	86.71	5,979	0.3	88.58	950	-7.2	158,950	2.5	93	3.0	180,000	94.7	12.3	8
New Orleans, LA metro area	3/31/2014	New Construction	115	-10.9	13.29	771	1.7	11.42	139	27.5	190,352	-1.9	113	6.1	244,750	97.2	10.4	7
New Orleans, LA metro area	2/28/2014	Existing	677	6.1	84.73	5,899	-0.5	88.73	872	9.3	153,500	2.4	89	5.6	169,900	94.3	12.1	9
New Orleans, LA metro area	2/28/2014	New Construction	122	34.1	15.27	749	-4.5	11.27	121	-2.4	225,950	26.8	112	4.0	239,900	96.4	5.7	6
New Orleans, LA metro area	1/31/2014	Existing	672	-1.3	86.38	5,752	-1.3	88.26	828	-3.7	150,000	-2.0	88	-0.1	159,900	95.1	12.2	9
New Orleans, LA metro area	1/31/2014	New Construction	106	1.9	13.62	765	0.7	11.74	110	-4.3	225,950	22.5	116	6.9	244,200	97.5	8.5	7
New Orleans, LA metro area	12/31/2013	Existing	816	1.4	84.30	5,672	-2.3	88.06	573	4.4	159,000	0.3	92	0.5	152,250	94.4	12.9	7
New Orleans, LA metro area	12/31/2013	New Construction	152	20.6	15.70	769	2.5	11.94	88	14.3	200,000	2.8	111	5.8	235,000	97.3	11.8	5
New Orleans, LA metro area	11/30/2013	Existing	761	-7.0	86.77	5,892	-2.3	87.89	763	18.3	157,500	1.6	91	1.0	163,450	94.6	14.1	8
New Orleans, LA metro area	11/30/2013	New Construction	116	6.4	13.23	812	4.5	12.11	118	16.8	225,450	10.0	118	9.2	198,500	98.1	8.6	7
New Orleans, LA metro area	10/31/2013	Existing	935	11.6	88.37	5,877	-5.9	87.86	902	0.4	156,500	4.3	90	3.9	164,500	94.6	13.2	6
New Orleans, LA metro area	10/31/2013	New Construction	123	-4.7	11.63	812	4.6	12.14	116	0.0	220,000	7.6	115	4.5	219,950	98.0	13.0	7
New Orleans, LA metro area	9/30/2013	Existing	925	8.2	86.61	5,930	-5.5	87.90	967	30.7	155,000	0.0	92	1.0	169,900	95.0	13.1	6
New Orleans, LA metro area	9/30/2013	New Construction	143	41.6	13.39	816	6.0	12.10	140	26.1	210,000	10.6	112	-1.1	242,450	97.3	10.5	6
New Orleans, LA metro area	8/31/2013	Existing	1,102	46.5	89.16	5,908	-9.1	88.21	1,079	41.4	162,000	1.3	98	8.0	168,500	95.2	13.3	5
New Orleans, LA metro area	8/31/2013	New Construction	134	32.7	10.84	790	3.3	11.79	152	56.7	203,200	-0.6	114	6.0	216,950	98.2	14.2	6
New Orleans, LA metro area	7/31/2013	Existing	1,027	15.9	87.93	5,887	-11.6	88.62	1,121	7.9	174,299	7.6	100	6.0	169,000	95.7	13.4	6
New Orleans, LA metro area	7/31/2013	New Construction	141	2.9	12.07	756	-1.7	11.38	141	27.0	227,900	22.3	118	12.2	207,500	97.8	7.8	5
New Orleans, LA metro area	6/30/2013	Existing	996	2.6	87.75	5,858	-11.7	88.70	984	0.4	177,500	7.6	101	7.0	174,900	94.7	11.9	6
New Orleans, LA metro area	6/30/2013	New Construction	139	-4.8	12.25	746	-5.2	11.30	133	14.7	249,000	41.1	118	13.7	218,900	96.7	6.5	5
New Orleans, LA metro area	5/31/2013	Existing	1,094	6.8	86.96	5,970	-12.3	89.12	1,111	4.2	179,000	11.9	99	7.6	165,900	95.3	14.4	6
New Orleans, LA metro area	5/31/2013	New Construction	164	23.3	13.04	729	-9.3	10.88	137	-10.5	225,000	15.7	110	-1.1	246,605	98.2	8.5	4
New Orleans, LA metro area	4/30/2013	Existing	961	12.1	87.21	6,042	-12.4	88.71	1,067	-0.3	165,000	5.5	94	2.2	184,900	95.2	12.6	6
New Orleans, LA metro area	4/30/2013	New Construction	141	36.9	12.79	769	-2.8	11.29	145	13.3	212,100	7.9	113	7.6	232,900	98.0	7.1	6
New Orleans, LA metro area	3/31/2013	Existing	833	-5.3	86.59	5,963	-12.8	88.72	1,024	-3.9	155,000	4.8	91	7.7	185,000	94.5	11.5	7
New Orleans, LA metro area	3/31/2013	New Construction	129	4.9	13.41	758	-2.8	11.28	109	-16.8	194,000	-5.4	106	2.0	235,000	97.1	7.0	6
New Orleans, LA metro area	2/28/2013	Existing	638	-2.0	87.52	5,930	-12.7	88.32	798	-1.6	149,950	5.2	84	2.6	163,450	93.7	11.3	9
New Orleans, LA metro area	2/28/2013	New Construction	91	4.6	12.48	784	0.8	11.68	124	-6.1	178,230	-6.1	108	5.2	199,900	98.3	20.9	9
New Orleans, LA metro area	1/31/2013	Existing	681	18.6	86.75	5,826	-14.6	88.46	860	-4.3	153,000	11.9	88	9.1	162,000	93.9	11.6	9
New Orleans, LA metro area	1/31/2013	New Construction	104	48.6	13.25	760	4.3	11.54	115	-4.2	184,450	-3.1	108	-0.9	262,050	97.9	33.7	7
New Orleans, LA metro area	12/31/2012	Existing	805	3.1	86.47	5,808	-14.0	88.56	549	-1.1	158,500	11.6	91	12.0	144,000	93.9	11.8	7
New Orleans, LA metro area	12/31/2012	New Construction	126	100.0	13.53	750	9.3	11.44	77	10.0	194,500	-1.2	105	-5.0	214,000	96.7	16.7	6
New Orleans, LA metro area	11/30/2012	Existing	818	10.4	88.24	6,029	-13.8	88.58	645	-19.8	155,000	3.4	90	4.3	165,000	94.1	11.5	7
New Orleans, LA metro area	11/30/2012	New Construction	109	81.7	11.76	777	10.8	11.42	101	13.5	205,000	-0.1	108	-3.2	219,000	95.3	15.6	7
New Orleans, LA metro area	10/31/2012	Existing	838	6.5	86.66	6,243	-10.5	88.94	898	1.6	150,000	0.7	87	0.2	162,500	94.1	10.9	7
New Orleans, LA metro area	10/31/2012	New Construction	129	122.4	13.34	776	15.0	11.06	116	68.1	204,500	-2.0	110	-4.7	190,400	97.0	17.8	6
New Orleans, LA metro area	9/30/2012	Existing	855	-0.8	89.44	6,275	-10.5	89.07	740	-12.7	155,000	3.3	91	4.1	149,900	93.9	9.6	7
New Orleans, LA metro area	9/30/2012	New Construction	101	62.9	10.56	770	13.4	10.93	111	32.1	189,900	1.4	113	4.5	195,900	97.5	17.8	8
New Orleans, LA metro area	8/31/2012	Existing	752	-21.3	88.16	6,498	-9.7	89.47	763	-24.3	160,000	8.8	91	4.9	155,000	94.7	12.0	9
New Orleans, LA metro area	8/31/2012	New Construction	101	57.8	11.84	765	12.8	10.53	97	21.3	204,500	1.0	108	0.7	197,000	97.0	9.9	8
New Orleans, LA metro area	7/31/2012	Existing	886	3.1	86.61	6,661	-9.6	89.65	1,039	6.1	162,000	-0.9	94	1.5	168,000	94.7	11.4	8
New Orleans, LA metro area	7/31/2012	New Construction	137	124.6	13.39	769	15.6	10.35	111	23.3	186,393	-4.2	105	-1.3	180,500	97.2	10.9	6
New Orleans, LA metro area	6/30/2012	Existing	971	-3.0	86.93	6,633	-12.2	89.39	980	-13.7	165,000	-2.4	95	-0.9	166,400	94.5	11.6	7
New Orleans, LA metro area	6/30/2012	New Construction	146	97.3	13.07	787	20.3	10.61	116	19.6	176,500	-10.5	104	-9.1	198,700	93.0	5.5	5
New Orleans, LA metro area	5/31/2012	Existing	1,024	8.8	88.50	6,806	-11.6	89.43	1,066	-3.5	160,000	-1.2	92	1.6	165,000	94.3	10.8	7
New Orleans, LA metro area	5/31/2012	New Construction	133	92.8	11.50	804	21.8	10.57	153	39.1	194,500	1.2	111	2.2	201,800	96.5	10.5	6
New Orleans, LA metro area	4/30/2012	Existing	857	12.8	89.27	6,901	-12.3	89.72	1,070	5.8	156,374	2.4	92	6.2	169,900	93.7	10.4	8
New Orleans, LA metro area	4/30/2012	New Construction	103	56.1	10.73	791	23.8	10.28	128	54.2	196,600	5.1	105	-3.0	199,000	97.5	9.7	8
New Orleans, LA metro area	3/31/2012	Existing	880	11.5	87.74	6,837	-14.9	89.76	1,066	10.5	147,889	0.6	84	0.6	165,000	93.8	10.2	8
New Orleans, LA metro area	3/31/2012	New Construction	123	55.7	12.26	780	19.4	10.24	131	47.2	205,000	13.9	104	-6.5	191,200	97.3	10.7	6
New Orleans, LA metro area	2/29/2012	Existing	651	5.9	88.21	6,793	-18.2	89.72	811	-6.4	142,500	-1.7	82	1.2	149,000	93.1	10.8	10
New Orleans, LA metro area	2/29/2012	New Construction	87	81.3	11.79	778	14.7	10.28	132	158.8	189,800	-3.3	102	-9.9	193,950	97.1	11.5	9
New Orleans, LA metro area	1/31/2012	Existing	574		89.13	6,821		90.34	899		136,750		80		155,500	93.5	11.1	12
New Orleans, LA metro area	1/31/2012	New Construction	70		10.87	729		9.66	120		190,350		109		196,800	96.9	11.4	10
New Orleans, LA metro area	12/31/2011	Existing	781		92.54	6,752		90.78	555		142,000		81		142,000	93.5	12.3	9
New Orleans, LA metro area	12/31/2011	New Construction	63		7.46	686		9.22	70		196,800		111		195,550	96.5	14.3	11
New Orleans, LA metro area	11/30/2011	Existing	741		92.51	6,992		90.89	804		149,925		87		150,000	93.0	9.7	9
New Orleans, LA metro area	11/30/2011	New Construction	60		7.49	701		9.11	89		205,132		112		186,000	97.0	16.7	12
New Orleans, LA metro area	10/31/2011	Existing	787		93.14	6,976		91.18	884		149,000		87		155,900	93.4	9.8	9
New Orleans, LA metro area	10/31/2011	New Construction	58		6.86	675		8.82	69		208,650		115		209,200	96.5	12.1	12
New Orleans, LA metro area	9/30/2011	Existing	862		93.29	7,015		91.17	848		150,050		88		159,000	93.4	9.4	8
New Orleans, LA metro area	9/30/2011	New Construction	62		6.71	679		8.83	84		187,250		108		166,750	97.5	9.7	11
New Orleans, LA metro area	8/31/2011	Existing	955		93.72	7,199		91.39	1,008		147,000		87		148,250	93.9	9.2	8
New Orleans, LA metro area	8/31/2011	New Construction	64		6.28	678		8.61	80		202,500		107		176,625	95.4	9.4	11
New Orleans, LA metro area	7/31/2011	Existing	859		93.37	7,367		91.72	979		163,500		93		155,000	94.1	8.6	9
New Orleans, LA metro area	7/31/2011	New Construction	61		6.63	665		8.28	90		194,500		106		205,000	97.6	11.5	11
New Orleans, LA metro area	6/30/2011	Existing	1,001		93.12	7,555		92.03	1,135		169,000		95		159,000	94.8	11.1	8
New Orleans, LA metro area	6/30/2011	New Construction	74		6.88	654		7.97	97		197,250		115		180,000	97.1	12.2	9
New Orleans, LA metro area	5/31/2011	Existing	941		93.17	7,697		92.10	1,105		162,000		90		165,000	93.9	10.6	8
New Orleans, LA metro area	5/31/2011	New Construction	69		6.83	660		7.90	110		192,200		109		190,950	97.2	11.6	10
New Orleans, LA metro area	4/30/2011	Existing	760		92.01	7,872		92.49	1,011		152,750		87		175,000	93.3	11.6	10
New Orleans, LA metro area	4/30/2011	New Construction	66		7.99	639		7.51	83		187,000		109		198,950	94.0	7.6	10
New Orleans, LA metro area	3/31/2011	Existing	789		90.90	8,031		92.48	965		147,000		84		174,900	92.9	8.6	10
New Orleans, LA metro area	3/31/2011	New Construction	79		9.10	653		7.52	89		180,000		111		194,500	95.9	6.3	8
New Orleans, LA metro area	2/28/2011	Existing	615		92.76	8,306		92.45	866		145,000		81		164,950	92.7	9.3	14
New Orleans, LA metro area	2/28/2011	New Construction	48		7.24	678		7.55	51		196,250		114		187,500	97.2	12.5	14