,County,Year,Month,None,D0,D1,D2,D3,D4
0,Baltimore City,2000,1,100.0,0.0,0.0,0.0,0.0,0.0
1,Baltimore City,2000,2,100.0,0.0,0.0,0.0,0.0,0.0
2,Baltimore City,2000,3,100.0,0.0,0.0,0.0,0.0,0.0
3,Baltimore City,2000,4,100.0,0.0,0.0,0.0,0.0,0.0
4,Baltimore City,2000,5,100.0,0.0,0.0,0.0,0.0,0.0
5,Baltimore City,2000,6,100.0,0.0,0.0,0.0,0.0,0.0
6,Baltimore City,2000,7,100.0,0.0,0.0,0.0,0.0,0.0
7,Baltimore City,2000,8,100.0,0.0,0.0,0.0,0.0,0.0
8,Baltimore City,2000,9,100.0,0.0,0.0,0.0,0.0,0.0
9,Baltimore City,2000,10,100.0,0.0,0.0,0.0,0.0,0.0
10,Baltimore City,2000,11,75.0,25.0,0.0,0.0,0.0,0.0
11,Baltimore City,2000,12,100.0,0.0,0.0,0.0,0.0,0.0
12,Baltimore City,2001,1,100.0,0.0,0.0,0.0,0.0,0.0
13,Baltimore City,2001,2,100.0,0.0,0.0,0.0,0.0,0.0
14,Baltimore City,2001,3,100.0,0.0,0.0,0.0,0.0,0.0
15,Baltimore City,2001,4,100.0,0.0,0.0,0.0,0.0,0.0
16,Baltimore City,2001,5,40.0,20.0,40.0,0.0,0.0,0.0
17,Baltimore City,2001,6,100.0,0.0,0.0,0.0,0.0,0.0
18,Baltimore City,2001,7,100.0,0.0,0.0,0.0,0.0,0.0
19,Baltimore City,2001,8,80.5125,19.4875,0.0,0.0,0.0,0.0
20,Baltimore City,2001,9,30.72,69.28,0.0,0.0,0.0,0.0
21,Baltimore City,2001,10,60.0,20.0,20.0,0.0,0.0,0.0
22,Baltimore City,2001,11,0.0,0.0,100.0,0.0,0.0,0.0
23,Baltimore City,2001,12,0.0,0.0,92.22,7.779999999999999,0.0,0.0
24,Baltimore City,2002,1,0.0,0.0,93.24199999999999,6.758,0.0,0.0
25,Baltimore City,2002,2,0.0,0.0,0.3125,49.6875,50.0,0.0
26,Baltimore City,2002,3,0.0,0.0,0.0,0.0,100.0,0.0
27,Baltimore City,2002,4,0.0,0.0,0.0,0.0,100.0,0.0
28,Baltimore City,2002,5,0.0,0.0,0.8025,77.36,21.8375,0.0
29,Baltimore City,2002,6,0.0,0.0,4.3225,95.6775,0.0,0.0
30,Baltimore City,2002,7,0.0,0.0,0.0,63.053999999999995,36.946000000000005,0.0
31,Baltimore City,2002,8,0.0,0.0,0.0,0.0,100.0,0.0
32,Baltimore City,2002,9,0.0,0.0,0.0,69.4125,30.587500000000002,0.0
33,Baltimore City,2002,10,0.0,0.0,0.0,42.352,57.648,0.0
34,Baltimore City,2002,11,0.0,62.125,37.875,0.0,0.0,0.0
35,Baltimore City,2002,12,60.0,40.0,0.0,0.0,0.0,0.0
36,Baltimore City,2003,1,100.0,0.0,0.0,0.0,0.0,0.0
37,Baltimore City,2003,2,100.0,0.0,0.0,0.0,0.0,0.0
38,Baltimore City,2003,3,100.0,0.0,0.0,0.0,0.0,0.0
39,Baltimore City,2003,4,100.0,0.0,0.0,0.0,0.0,0.0
40,Baltimore City,2003,5,100.0,0.0,0.0,0.0,0.0,0.0
41,Baltimore City,2003,6,100.0,0.0,0.0,0.0,0.0,0.0
42,Baltimore City,2003,7,100.0,0.0,0.0,0.0,0.0,0.0
43,Baltimore City,2003,8,100.0,0.0,0.0,0.0,0.0,0.0
44,Baltimore City,2003,9,100.0,0.0,0.0,0.0,0.0,0.0
45,Baltimore City,2003,10,100.0,0.0,0.0,0.0,0.0,0.0
46,Baltimore City,2003,11,100.0,0.0,0.0,0.0,0.0,0.0
47,Baltimore City,2003,12,100.0,0.0,0.0,0.0,0.0,0.0
48,Baltimore City,2004,1,100.0,0.0,0.0,0.0,0.0,0.0
49,Baltimore City,2004,2,100.0,0.0,0.0,0.0,0.0,0.0
50,Baltimore City,2004,3,100.0,0.0,0.0,0.0,0.0,0.0
51,Baltimore City,2004,4,100.0,0.0,0.0,0.0,0.0,0.0
52,Baltimore City,2004,5,100.0,0.0,0.0,0.0,0.0,0.0
53,Baltimore City,2004,6,100.0,0.0,0.0,0.0,0.0,0.0
54,Baltimore City,2004,7,100.0,0.0,0.0,0.0,0.0,0.0
55,Baltimore City,2004,8,100.0,0.0,0.0,0.0,0.0,0.0
56,Baltimore City,2004,9,100.0,0.0,0.0,0.0,0.0,0.0
57,Baltimore City,2004,10,100.0,0.0,0.0,0.0,0.0,0.0
58,Baltimore City,2004,11,100.0,0.0,0.0,0.0,0.0,0.0
59,Baltimore City,2004,12,100.0,0.0,0.0,0.0,0.0,0.0
60,Baltimore City,2005,1,100.0,0.0,0.0,0.0,0.0,0.0
61,Baltimore City,2005,2,100.0,0.0,0.0,0.0,0.0,0.0
62,Baltimore City,2005,3,100.0,0.0,0.0,0.0,0.0,0.0
63,Baltimore City,2005,4,100.0,0.0,0.0,0.0,0.0,0.0
64,Baltimore City,2005,5,100.0,0.0,0.0,0.0,0.0,0.0
65,Baltimore City,2005,6,75.0,25.0,0.0,0.0,0.0,0.0
66,Baltimore City,2005,7,100.0,0.0,0.0,0.0,0.0,0.0
67,Baltimore City,2005,8,100.0,0.0,0.0,0.0,0.0,0.0
68,Baltimore City,2005,9,0.0,50.0,50.0,0.0,0.0,0.0
69,Baltimore City,2005,10,75.0,0.0,25.0,0.0,0.0,0.0
70,Baltimore City,2005,11,100.0,0.0,0.0,0.0,0.0,0.0
71,Baltimore City,2005,12,100.0,0.0,0.0,0.0,0.0,0.0
72,Baltimore City,2006,1,100.0,0.0,0.0,0.0,0.0,0.0
73,Baltimore City,2006,2,100.0,0.0,0.0,0.0,0.0,0.0
74,Baltimore City,2006,3,25.0,75.0,0.0,0.0,0.0,0.0
75,Baltimore City,2006,4,0.0,75.0,25.0,0.0,0.0,0.0
76,Baltimore City,2006,5,19.558,80.442,0.0,0.0,0.0,0.0
77,Baltimore City,2006,6,25.0,75.0,0.0,0.0,0.0,0.0
78,Baltimore City,2006,7,100.0,0.0,0.0,0.0,0.0,0.0
79,Baltimore City,2006,8,47.492000000000004,12.508,40.0,0.0,0.0,0.0
80,Baltimore City,2006,9,100.0,0.0,0.0,0.0,0.0,0.0
81,Baltimore City,2006,10,100.0,0.0,0.0,0.0,0.0,0.0
82,Baltimore City,2006,11,100.0,0.0,0.0,0.0,0.0,0.0
83,Baltimore City,2006,12,100.0,0.0,0.0,0.0,0.0,0.0
84,Baltimore City,2007,1,100.0,0.0,0.0,0.0,0.0,0.0
85,Baltimore City,2007,2,100.0,0.0,0.0,0.0,0.0,0.0
86,Baltimore City,2007,3,100.0,0.0,0.0,0.0,0.0,0.0
87,Baltimore City,2007,4,100.0,0.0,0.0,0.0,0.0,0.0
88,Baltimore City,2007,5,80.0,20.0,0.0,0.0,0.0,0.0
89,Baltimore City,2007,6,26.365,73.635,0.0,0.0,0.0,0.0
90,Baltimore City,2007,7,0.0,40.0,60.0,0.0,0.0,0.0
91,Baltimore City,2007,8,0.0,25.0,75.0,0.0,0.0,0.0
92,Baltimore City,2007,9,0.0,69.135,30.865000000000002,0.0,0.0,0.0
93,Baltimore City,2007,10,0.0,20.0,20.0,60.0,0.0,0.0
94,Baltimore City,2007,11,0.0,64.295,35.705,0.0,0.0,0.0
95,Baltimore City,2007,12,2.4,72.6,25.0,0.0,0.0,0.0
96,Baltimore City,2008,1,0.96,99.03999999999999,0.0,0.0,0.0,0.0
97,Baltimore City,2008,2,0.0,100.0,0.0,0.0,0.0,0.0
98,Baltimore City,2008,3,75.0,25.0,0.0,0.0,0.0,0.0
99,Baltimore City,2008,4,100.0,0.0,0.0,0.0,0.0,0.0
100,Baltimore City,2008,5,100.0,0.0,0.0,0.0,0.0,0.0
101,Baltimore City,2008,6,100.0,0.0,0.0,0.0,0.0,0.0
102,Baltimore City,2008,7,100.0,0.0,0.0,0.0,0.0,0.0
103,Baltimore City,2008,8,75.0,25.0,0.0,0.0,0.0,0.0
104,Baltimore City,2008,9,80.0,20.0,0.0,0.0,0.0,0.0
105,Baltimore City,2008,10,100.0,0.0,0.0,0.0,0.0,0.0
106,Baltimore City,2008,11,100.0,0.0,0.0,0.0,0.0,0.0
107,Baltimore City,2008,12,100.0,0.0,0.0,0.0,0.0,0.0
108,Baltimore City,2009,1,100.0,0.0,0.0,0.0,0.0,0.0
109,Baltimore City,2009,2,56.93,43.07,0.0,0.0,0.0,0.0
110,Baltimore City,2009,3,1.1199999999999999,58.879999999999995,40.0,0.0,0.0,0.0
111,Baltimore City,2009,4,0.0,50.0,50.0,0.0,0.0,0.0
112,Baltimore City,2009,5,100.0,0.0,0.0,0.0,0.0,0.0
113,Baltimore City,2009,6,100.0,0.0,0.0,0.0,0.0,0.0
114,Baltimore City,2009,7,61.9325,38.0675,0.0,0.0,0.0,0.0
115,Baltimore City,2009,8,60.7975,39.2025,0.0,0.0,0.0,0.0
116,Baltimore City,2009,9,100.0,0.0,0.0,0.0,0.0,0.0
117,Baltimore City,2009,10,100.0,0.0,0.0,0.0,0.0,0.0
118,Baltimore City,2009,11,100.0,0.0,0.0,0.0,0.0,0.0
119,Baltimore City,2009,12,100.0,0.0,0.0,0.0,0.0,0.0
120,Baltimore City,2010,1,100.0,0.0,0.0,0.0,0.0,0.0
121,Baltimore City,2010,2,100.0,0.0,0.0,0.0,0.0,0.0
122,Baltimore City,2010,3,100.0,0.0,0.0,0.0,0.0,0.0
123,Baltimore City,2010,4,100.0,0.0,0.0,0.0,0.0,0.0
124,Baltimore City,2010,5,100.0,0.0,0.0,0.0,0.0,0.0
125,Baltimore City,2010,6,60.0,40.0,0.0,0.0,0.0,0.0
126,Baltimore City,2010,7,50.0,25.0,25.0,0.0,0.0,0.0
127,Baltimore City,2010,8,100.0,0.0,0.0,0.0,0.0,0.0
128,Baltimore City,2010,9,50.0,50.0,0.0,0.0,0.0,0.0
129,Baltimore City,2010,10,100.0,0.0,0.0,0.0,0.0,0.0
130,Baltimore City,2010,11,100.0,0.0,0.0,0.0,0.0,0.0
131,Baltimore City,2010,12,100.0,0.0,0.0,0.0,0.0,0.0
132,Baltimore City,2011,1,27.045,72.955,0.0,0.0,0.0,0.0
133,Baltimore City,2011,2,2.63,97.37,0.0,0.0,0.0,0.0
134,Baltimore City,2011,3,80.526,19.474,0.0,0.0,0.0,0.0
135,Baltimore City,2011,4,100.0,0.0,0.0,0.0,0.0,0.0
136,Baltimore City,2011,5,100.0,0.0,0.0,0.0,0.0,0.0
137,Baltimore City,2011,6,21.0275,78.9725,0.0,0.0,0.0,0.0
138,Baltimore City,2011,7,0.0,100.0,0.0,0.0,0.0,0.0
139,Baltimore City,2011,8,40.0,20.0,40.0,0.0,0.0,0.0
140,Baltimore City,2011,9,100.0,0.0,0.0,0.0,0.0,0.0
141,Baltimore City,2011,10,100.0,0.0,0.0,0.0,0.0,0.0
142,Baltimore City,2011,11,100.0,0.0,0.0,0.0,0.0,0.0
143,Baltimore City,2011,12,100.0,0.0,0.0,0.0,0.0,0.0
144,Baltimore City,2012,1,100.0,0.0,0.0,0.0,0.0,0.0
145,Baltimore City,2012,2,100.0,0.0,0.0,0.0,0.0,0.0
146,Baltimore City,2012,3,50.0,50.0,0.0,0.0,0.0,0.0
147,Baltimore City,2012,4,0.0,25.0,75.0,0.0,0.0,0.0
148,Baltimore City,2012,5,0.0,40.03,59.970000000000006,0.0,0.0,0.0
149,Baltimore City,2012,6,74.0175,25.9825,0.0,0.0,0.0,0.0
150,Baltimore City,2012,7,0.0,44.482,55.51800000000001,0.0,0.0,0.0
151,Baltimore City,2012,8,25.0,44.22,30.78,0.0,0.0,0.0
152,Baltimore City,2012,9,100.0,0.0,0.0,0.0,0.0,0.0
153,Baltimore City,2012,10,100.0,0.0,0.0,0.0,0.0,0.0
154,Baltimore City,2012,11,100.0,0.0,0.0,0.0,0.0,0.0
155,Baltimore City,2012,12,100.0,0.0,0.0,0.0,0.0,0.0
156,Baltimore City,2013,1,100.0,0.0,0.0,0.0,0.0,0.0
157,Baltimore City,2013,2,100.0,0.0,0.0,0.0,0.0,0.0
158,Baltimore City,2013,3,100.0,0.0,0.0,0.0,0.0,0.0
159,Baltimore City,2013,4,100.0,0.0,0.0,0.0,0.0,0.0
160,Baltimore City,2013,5,100.0,0.0,0.0,0.0,0.0,0.0
161,Baltimore City,2013,6,100.0,0.0,0.0,0.0,0.0,0.0
162,Baltimore City,2013,7,100.0,0.0,0.0,0.0,0.0,0.0
163,Baltimore City,2013,8,100.0,0.0,0.0,0.0,0.0,0.0
164,Baltimore City,2013,9,25.0,75.0,0.0,0.0,0.0,0.0
165,Baltimore City,2013,10,60.0,40.0,0.0,0.0,0.0,0.0
166,Baltimore City,2013,11,100.0,0.0,0.0,0.0,0.0,0.0
167,Baltimore City,2013,12,100.0,0.0,0.0,0.0,0.0,0.0
168,Baltimore City,2014,1,100.0,0.0,0.0,0.0,0.0,0.0
169,Baltimore City,2014,2,100.0,0.0,0.0,0.0,0.0,0.0
170,Baltimore City,2014,3,100.0,0.0,0.0,0.0,0.0,0.0
171,Baltimore City,2014,4,100.0,0.0,0.0,0.0,0.0,0.0
172,Baltimore City,2014,5,100.0,0.0,0.0,0.0,0.0,0.0
173,Baltimore City,2014,6,100.0,0.0,0.0,0.0,0.0,0.0
174,Baltimore City,2014,7,100.0,0.0,0.0,0.0,0.0,0.0
175,Baltimore City,2014,8,100.0,0.0,0.0,0.0,0.0,0.0
176,Baltimore City,2014,9,100.0,0.0,0.0,0.0,0.0,0.0
177,Baltimore City,2014,10,100.0,0.0,0.0,0.0,0.0,0.0
178,Baltimore City,2014,11,100.0,0.0,0.0,0.0,0.0,0.0
179,Baltimore City,2014,12,100.0,0.0,0.0,0.0,0.0,0.0
180,Cook County,2000,1,0.0,0.0,100.0,0.0,0.0,0.0
181,Cook County,2000,2,0.0,19.95,80.05,0.0,0.0,0.0
182,Cook County,2000,3,0.0,48.58,51.419999999999995,0.0,0.0,0.0
183,Cook County,2000,4,0.0,20.5325,67.955,11.5125,0.0,0.0
184,Cook County,2000,5,38.80800000000001,50.236,10.956,0.0,0.0,0.0
185,Cook County,2000,6,100.0,0.0,0.0,0.0,0.0,0.0
186,Cook County,2000,7,100.0,0.0,0.0,0.0,0.0,0.0
187,Cook County,2000,8,100.0,0.0,0.0,0.0,0.0,0.0
188,Cook County,2000,9,100.0,0.0,0.0,0.0,0.0,0.0
189,Cook County,2000,10,100.0,0.0,0.0,0.0,0.0,0.0
190,Cook County,2000,11,100.0,0.0,0.0,0.0,0.0,0.0
191,Cook County,2000,12,100.0,0.0,0.0,0.0,0.0,0.0
192,Cook County,2001,1,100.0,0.0,0.0,0.0,0.0,0.0
193,Cook County,2001,2,100.0,0.0,0.0,0.0,0.0,0.0
194,Cook County,2001,3,100.0,0.0,0.0,0.0,0.0,0.0
195,Cook County,2001,4,100.0,0.0,0.0,0.0,0.0,0.0
196,Cook County,2001,5,90.452,9.547999999999998,0.0,0.0,0.0,0.0
197,Cook County,2001,6,100.0,0.0,0.0,0.0,0.0,0.0
198,Cook County,2001,7,80.0,20.0,0.0,0.0,0.0,0.0
199,Cook County,2001,8,95.15,4.85,0.0,0.0,0.0,0.0
200,Cook County,2001,9,100.0,0.0,0.0,0.0,0.0,0.0
201,Cook County,2001,10,100.0,0.0,0.0,0.0,0.0,0.0
202,Cook County,2001,11,100.0,0.0,0.0,0.0,0.0,0.0
203,Cook County,2001,12,100.0,0.0,0.0,0.0,0.0,0.0
204,Cook County,2002,1,100.0,0.0,0.0,0.0,0.0,0.0
205,Cook County,2002,2,100.0,0.0,0.0,0.0,0.0,0.0
206,Cook County,2002,3,100.0,0.0,0.0,0.0,0.0,0.0
207,Cook County,2002,4,100.0,0.0,0.0,0.0,0.0,0.0
208,Cook County,2002,5,100.0,0.0,0.0,0.0,0.0,0.0
209,Cook County,2002,6,100.0,0.0,0.0,0.0,0.0,0.0
210,Cook County,2002,7,53.924,26.076,20.0,0.0,0.0,0.0
211,Cook County,2002,8,25.0925,24.9075,50.0,0.0,0.0,0.0
212,Cook County,2002,9,78.57,21.43,0.0,0.0,0.0,0.0
213,Cook County,2002,10,76.404,23.596,0.0,0.0,0.0,0.0
214,Cook County,2002,11,3.72,94.91,1.37,0.0,0.0,0.0
215,Cook County,2002,12,3.692,24.904,66.44200000000001,4.964,0.0,0.0
216,Cook County,2003,1,0.0,0.0,66.01,33.99,0.0,0.0
217,Cook County,2003,2,0.0,0.0,29.5075,70.49249999999999,0.0,0.0
218,Cook County,2003,3,0.0,0.0,0.0,100.0,0.0,0.0
219,Cook County,2003,4,0.0,0.0,50.576,49.424,0.0,0.0
220,Cook County,2003,5,75.0,0.0,25.0,0.0,0.0,0.0
221,Cook County,2003,6,50.84,43.5325,5.6275,0.0,0.0,0.0
222,Cook County,2003,7,64.318,17.984,17.698,0.0,0.0,0.0
223,Cook County,2003,8,84.42750000000001,15.5725,0.0,0.0,0.0,0.0
224,Cook County,2003,9,11.632,64.708,23.662,0.0,0.0,0.0
225,Cook County,2003,10,10.8375,63.565,25.595,0.0,0.0,0.0
226,Cook County,2003,11,74.9025,20.947499999999998,4.15,0.0,0.0,0.0
227,Cook County,2003,12,98.55,1.45,0.0,0.0,0.0,0.0
228,Cook County,2004,1,100.0,0.0,0.0,0.0,0.0,0.0
229,Cook County,2004,2,100.0,0.0,0.0,0.0,0.0,0.0
230,Cook County,2004,3,100.0,0.0,0.0,0.0,0.0,0.0
231,Cook County,2004,4,100.0,0.0,0.0,0.0,0.0,0.0
232,Cook County,2004,5,96.8575,3.1425,0.0,0.0,0.0,0.0
233,Cook County,2004,6,100.0,0.0,0.0,0.0,0.0,0.0
234,Cook County,2004,7,100.0,0.0,0.0,0.0,0.0,0.0
235,Cook County,2004,8,100.0,0.0,0.0,0.0,0.0,0.0
236,Cook County,2004,9,87.1275,12.8725,0.0,0.0,0.0,0.0
237,Cook County,2004,10,57.5325,42.4675,0.0,0.0,0.0,0.0
238,Cook County,2004,11,92.15599999999999,7.843999999999999,0.0,0.0,0.0,0.0
239,Cook County,2004,12,100.0,0.0,0.0,0.0,0.0,0.0
240,Cook County,2005,1,100.0,0.0,0.0,0.0,0.0,0.0
241,Cook County,2005,2,100.0,0.0,0.0,0.0,0.0,0.0
242,Cook County,2005,3,100.0,0.0,0.0,0.0,0.0,0.0
243,Cook County,2005,4,82.27250000000001,17.7275,0.0,0.0,0.0,0.0
244,Cook County,2005,5,0.0,83.244,16.756,0.0,0.0,0.0
245,Cook County,2005,6,0.0,31.6075,43.3925,25.0,0.0,0.0
246,Cook County,2005,7,0.0,0.0,0.0,5.1049999999999995,94.895,0.0
247,Cook County,2005,8,0.0,7.116,24.482,41.982,26.424,0.0
248,Cook County,2005,9,0.0,0.0,13.66,41.25,45.089999999999996,0.0
249,Cook County,2005,10,0.0,0.0,42.535,29.310000000000002,28.155,0.0
250,Cook County,2005,11,0.0,0.0,33.22,34.642,32.138,0.0
251,Cook County,2005,12,0.0,0.0,33.22,37.49,29.29,0.0
252,Cook County,2006,1,0.0,0.0,6.644,42.372,50.983999999999995,0.0
253,Cook County,2006,2,0.0,0.0,0.0,100.0,0.0,0.0
254,Cook County,2006,3,0.0,0.0,5.01,94.99,0.0,0.0
255,Cook County,2006,4,0.035,36.81,63.155,0.0,0.0,0.0
256,Cook County,2006,5,100.0,0.0,0.0,0.0,0.0,0.0
257,Cook County,2006,6,100.0,0.0,0.0,0.0,0.0,0.0
258,Cook County,2006,7,100.0,0.0,0.0,0.0,0.0,0.0
259,Cook County,2006,8,100.0,0.0,0.0,0.0,0.0,0.0
260,Cook County,2006,9,100.0,0.0,0.0,0.0,0.0,0.0
261,Cook County,2006,10,100.0,0.0,0.0,0.0,0.0,0.0
262,Cook County,2006,11,100.0,0.0,0.0,0.0,0.0,0.0
263,Cook County,2006,12,100.0,0.0,0.0,0.0,0.0,0.0
264,Cook County,2007,1,100.0,0.0,0.0,0.0,0.0,0.0
265,Cook County,2007,2,100.0,0.0,0.0,0.0,0.0,0.0
266,Cook County,2007,3,100.0,0.0,0.0,0.0,0.0,0.0
267,Cook County,2007,4,100.0,0.0,0.0,0.0,0.0,0.0
268,Cook County,2007,5,100.0,0.0,0.0,0.0,0.0,0.0
269,Cook County,2007,6,87.235,12.765,0.0,0.0,0.0,0.0
270,Cook County,2007,7,89.39,10.61,0.0,0.0,0.0,0.0
271,Cook County,2007,8,100.0,0.0,0.0,0.0,0.0,0.0
272,Cook County,2007,9,100.0,0.0,0.0,0.0,0.0,0.0
273,Cook County,2007,10,100.0,0.0,0.0,0.0,0.0,0.0
274,Cook County,2007,11,100.0,0.0,0.0,0.0,0.0,0.0
275,Cook County,2007,12,100.0,0.0,0.0,0.0,0.0,0.0
276,Cook County,2008,1,100.0,0.0,0.0,0.0,0.0,0.0
277,Cook County,2008,2,100.0,0.0,0.0,0.0,0.0,0.0
278,Cook County,2008,3,100.0,0.0,0.0,0.0,0.0,0.0
279,Cook County,2008,4,100.0,0.0,0.0,0.0,0.0,0.0
280,Cook County,2008,5,100.0,0.0,0.0,0.0,0.0,0.0
281,Cook County,2008,6,100.0,0.0,0.0,0.0,0.0,0.0
282,Cook County,2008,7,100.0,0.0,0.0,0.0,0.0,0.0
283,Cook County,2008,8,100.0,0.0,0.0,0.0,0.0,0.0
284,Cook County,2008,9,100.0,0.0,0.0,0.0,0.0,0.0
285,Cook County,2008,10,100.0,0.0,0.0,0.0,0.0,0.0
286,Cook County,2008,11,100.0,0.0,0.0,0.0,0.0,0.0
287,Cook County,2008,12,100.0,0.0,0.0,0.0,0.0,0.0
288,Cook County,2009,1,100.0,0.0,0.0,0.0,0.0,0.0
289,Cook County,2009,2,100.0,0.0,0.0,0.0,0.0,0.0
290,Cook County,2009,3,100.0,0.0,0.0,0.0,0.0,0.0
291,Cook County,2009,4,100.0,0.0,0.0,0.0,0.0,0.0
292,Cook County,2009,5,100.0,0.0,0.0,0.0,0.0,0.0
293,Cook County,2009,6,100.0,0.0,0.0,0.0,0.0,0.0
294,Cook County,2009,7,100.0,0.0,0.0,0.0,0.0,0.0
295,Cook County,2009,8,100.0,0.0,0.0,0.0,0.0,0.0
296,Cook County,2009,9,100.0,0.0,0.0,0.0,0.0,0.0
297,Cook County,2009,10,100.0,0.0,0.0,0.0,0.0,0.0
298,Cook County,2009,11,100.0,0.0,0.0,0.0,0.0,0.0
299,Cook County,2009,12,100.0,0.0,0.0,0.0,0.0,0.0
300,Cook County,2010,1,100.0,0.0,0.0,0.0,0.0,0.0
301,Cook County,2010,2,100.0,0.0,0.0,0.0,0.0,0.0
302,Cook County,2010,3,100.0,0.0,0.0,0.0,0.0,0.0
303,Cook County,2010,4,100.0,0.0,0.0,0.0,0.0,0.0
304,Cook County,2010,5,100.0,0.0,0.0,0.0,0.0,0.0
305,Cook County,2010,6,100.0,0.0,0.0,0.0,0.0,0.0
306,Cook County,2010,7,100.0,0.0,0.0,0.0,0.0,0.0
307,Cook County,2010,8,100.0,0.0,0.0,0.0,0.0,0.0
308,Cook County,2010,9,100.0,0.0,0.0,0.0,0.0,0.0
309,Cook County,2010,10,99.025,0.975,0.0,0.0,0.0,0.0
310,Cook County,2010,11,40.0,60.0,0.0,0.0,0.0,0.0
311,Cook County,2010,12,0.345,99.655,0.0,0.0,0.0,0.0
312,Cook County,2011,1,100.0,0.0,0.0,0.0,0.0,0.0
313,Cook County,2011,2,100.0,0.0,0.0,0.0,0.0,0.0
314,Cook County,2011,3,100.0,0.0,0.0,0.0,0.0,0.0
315,Cook County,2011,4,100.0,0.0,0.0,0.0,0.0,0.0
316,Cook County,2011,5,100.0,0.0,0.0,0.0,0.0,0.0
317,Cook County,2011,6,100.0,0.0,0.0,0.0,0.0,0.0
318,Cook County,2011,7,75.0,25.0,0.0,0.0,0.0,0.0
319,Cook County,2011,8,100.0,0.0,0.0,0.0,0.0,0.0
320,Cook County,2011,9,100.0,0.0,0.0,0.0,0.0,0.0
321,Cook County,2011,10,100.0,0.0,0.0,0.0,0.0,0.0
322,Cook County,2011,11,100.0,0.0,0.0,0.0,0.0,0.0
323,Cook County,2011,12,100.0,0.0,0.0,0.0,0.0,0.0
324,Cook County,2012,1,100.0,0.0,0.0,0.0,0.0,0.0
325,Cook County,2012,2,100.0,0.0,0.0,0.0,0.0,0.0
326,Cook County,2012,3,100.0,0.0,0.0,0.0,0.0,0.0
327,Cook County,2012,4,100.0,0.0,0.0,0.0,0.0,0.0
328,Cook County,2012,5,91.256,8.744,0.0,0.0,0.0,0.0
329,Cook County,2012,6,19.535,57.96,22.505,0.0,0.0,0.0
330,Cook County,2012,7,0.0,3.694,81.65,14.656,0.0,0.0
331,Cook County,2012,8,0.0,16.1175,80.77,3.11,0.0,0.0
332,Cook County,2012,9,0.0,90.2525,9.7475,0.0,0.0,0.0
333,Cook County,2012,10,0.0,87.624,12.376000000000001,0.0,0.0,0.0
334,Cook County,2012,11,0.0,67.28,32.72,0.0,0.0,0.0
335,Cook County,2012,12,0.0,0.0,100.0,0.0,0.0,0.0
336,Cook County,2013,1,0.0,0.0,100.0,0.0,0.0,0.0
337,Cook County,2013,2,0.0,99.855,0.14500000000000002,0.0,0.0,0.0
338,Cook County,2013,3,74.5725,25.395,0.0325,0.0,0.0,0.0
339,Cook County,2013,4,99.81,0.19,0.0,0.0,0.0,0.0
340,Cook County,2013,5,100.0,0.0,0.0,0.0,0.0,0.0
341,Cook County,2013,6,100.0,0.0,0.0,0.0,0.0,0.0
342,Cook County,2013,7,100.0,0.0,0.0,0.0,0.0,0.0
343,Cook County,2013,8,55.72,44.28,0.0,0.0,0.0,0.0
344,Cook County,2013,9,12.0375,87.64,0.3225,0.0,0.0,0.0
345,Cook County,2013,10,52.05799999999999,44.041999999999994,3.9,0.0,0.0,0.0
346,Cook County,2013,11,87.6275,12.3725,0.0,0.0,0.0,0.0
347,Cook County,2013,12,87.6,12.4,0.0,0.0,0.0,0.0
348,Cook County,2014,1,87.6,12.4,0.0,0.0,0.0,0.0
349,Cook County,2014,2,90.69999999999999,9.3,0.0,0.0,0.0,0.0
350,Cook County,2014,3,100.0,0.0,0.0,0.0,0.0,0.0
351,Cook County,2014,4,100.0,0.0,0.0,0.0,0.0,0.0
352,Cook County,2014,5,100.0,0.0,0.0,0.0,0.0,0.0
353,Cook County,2014,6,100.0,0.0,0.0,0.0,0.0,0.0
354,Cook County,2014,7,100.0,0.0,0.0,0.0,0.0,0.0
355,Cook County,2014,8,100.0,0.0,0.0,0.0,0.0,0.0
356,Cook County,2014,9,100.0,0.0,0.0,0.0,0.0,0.0
357,Cook County,2014,10,100.0,0.0,0.0,0.0,0.0,0.0
358,Cook County,2014,11,100.0,0.0,0.0,0.0,0.0,0.0
359,Cook County,2014,12,100.0,0.0,0.0,0.0,0.0,0.0
360,Orleans Parish,2000,1,0.0,100.0,0.0,0.0,0.0,0.0
361,Orleans Parish,2000,2,0.0,95.908,4.0920000000000005,0.0,0.0,0.0
362,Orleans Parish,2000,3,0.0,0.0,25.0,75.0,0.0,0.0
363,Orleans Parish,2000,4,0.0,0.0,0.0,99.99,0.01,0.0
364,Orleans Parish,2000,5,0.0,0.0,0.0,0.0,81.924,18.076
365,Orleans Parish,2000,6,0.0,0.0,0.0,0.0,0.0,100.0
366,Orleans Parish,2000,7,0.0,0.0,0.0,0.0,67.4275,32.5725
367,Orleans Parish,2000,8,0.0,0.0,0.0,0.0,0.0,100.0
368,Orleans Parish,2000,9,0.0,0.0,0.0,1.85,73.15,25.0
369,Orleans Parish,2000,10,0.0,0.0,0.0,20.768,79.232,0.0
370,Orleans Parish,2000,11,0.0,0.0,0.0,50.0,46.15,3.8499999999999996
371,Orleans Parish,2000,12,0.0,0.0,0.0,100.0,0.0,0.0
372,Orleans Parish,2001,1,0.0,40.0,60.0,0.0,0.0,0.0
373,Orleans Parish,2001,2,0.0,100.0,0.0,0.0,0.0,0.0
374,Orleans Parish,2001,3,50.4875,49.5125,0.0,0.0,0.0,0.0
375,Orleans Parish,2001,4,50.0,50.0,0.0,0.0,0.0,0.0
376,Orleans Parish,2001,5,0.0,20.0,71.09200000000001,8.908,0.0,0.0
377,Orleans Parish,2001,6,75.0,0.0,19.4325,5.5675,0.0,0.0
378,Orleans Parish,2001,7,100.0,0.0,0.0,0.0,0.0,0.0
379,Orleans Parish,2001,8,100.0,0.0,0.0,0.0,0.0,0.0
380,Orleans Parish,2001,9,100.0,0.0,0.0,0.0,0.0,0.0
381,Orleans Parish,2001,10,100.0,0.0,0.0,0.0,0.0,0.0
382,Orleans Parish,2001,11,100.0,0.0,0.0,0.0,0.0,0.0
383,Orleans Parish,2001,12,100.0,0.0,0.0,0.0,0.0,0.0
384,Orleans Parish,2002,1,100.0,0.0,0.0,0.0,0.0,0.0
385,Orleans Parish,2002,2,50.0,50.0,0.0,0.0,0.0,0.0
386,Orleans Parish,2002,3,100.0,0.0,0.0,0.0,0.0,0.0
387,Orleans Parish,2002,4,100.0,0.0,0.0,0.0,0.0,0.0
388,Orleans Parish,2002,5,0.0,25.0,62.832499999999996,12.1675,0.0,0.0
389,Orleans Parish,2002,6,0.0,0.0,59.445,40.555,0.0,0.0
390,Orleans Parish,2002,7,0.0,0.0,100.0,0.0,0.0,0.0
391,Orleans Parish,2002,8,100.0,0.0,0.0,0.0,0.0,0.0
392,Orleans Parish,2002,9,100.0,0.0,0.0,0.0,0.0,0.0
393,Orleans Parish,2002,10,100.0,0.0,0.0,0.0,0.0,0.0
394,Orleans Parish,2002,11,100.0,0.0,0.0,0.0,0.0,0.0
395,Orleans Parish,2002,12,100.0,0.0,0.0,0.0,0.0,0.0
396,Orleans Parish,2003,1,100.0,0.0,0.0,0.0,0.0,0.0
397,Orleans Parish,2003,2,100.0,0.0,0.0,0.0,0.0,0.0
398,Orleans Parish,2003,3,100.0,0.0,0.0,0.0,0.0,0.0
399,Orleans Parish,2003,4,100.0,0.0,0.0,0.0,0.0,0.0
400,Orleans Parish,2003,5,25.0,51.9875,23.0125,0.0,0.0,0.0
401,Orleans Parish,2003,6,50.0,25.3825,24.6175,0.0,0.0,0.0
402,Orleans Parish,2003,7,100.0,0.0,0.0,0.0,0.0,0.0
403,Orleans Parish,2003,8,100.0,0.0,0.0,0.0,0.0,0.0
404,Orleans Parish,2003,9,100.0,0.0,0.0,0.0,0.0,0.0
405,Orleans Parish,2003,10,100.0,0.0,0.0,0.0,0.0,0.0
406,Orleans Parish,2003,11,25.0,75.0,0.0,0.0,0.0,0.0
407,Orleans Parish,2003,12,100.0,0.0,0.0,0.0,0.0,0.0
408,Orleans Parish,2004,1,100.0,0.0,0.0,0.0,0.0,0.0
409,Orleans Parish,2004,2,100.0,0.0,0.0,0.0,0.0,0.0
410,Orleans Parish,2004,3,80.0,20.0,0.0,0.0,0.0,0.0
411,Orleans Parish,2004,4,30.5475,69.4525,0.0,0.0,0.0,0.0
412,Orleans Parish,2004,5,100.0,0.0,0.0,0.0,0.0,0.0
413,Orleans Parish,2004,6,100.0,0.0,0.0,0.0,0.0,0.0
414,Orleans Parish,2004,7,100.0,0.0,0.0,0.0,0.0,0.0
415,Orleans Parish,2004,8,100.0,0.0,0.0,0.0,0.0,0.0
416,Orleans Parish,2004,9,81.1125,18.8875,0.0,0.0,0.0,0.0
417,Orleans Parish,2004,10,75.0,25.0,0.0,0.0,0.0,0.0
418,Orleans Parish,2004,11,100.0,0.0,0.0,0.0,0.0,0.0
419,Orleans Parish,2004,12,100.0,0.0,0.0,0.0,0.0,0.0
420,Orleans Parish,2005,1,100.0,0.0,0.0,0.0,0.0,0.0
421,Orleans Parish,2005,2,100.0,0.0,0.0,0.0,0.0,0.0
422,Orleans Parish,2005,3,100.0,0.0,0.0,0.0,0.0,0.0
423,Orleans Parish,2005,4,100.0,0.0,0.0,0.0,0.0,0.0
424,Orleans Parish,2005,5,100.0,0.0,0.0,0.0,0.0,0.0
425,Orleans Parish,2005,6,100.0,0.0,0.0,0.0,0.0,0.0
426,Orleans Parish,2005,7,100.0,0.0,0.0,0.0,0.0,0.0
427,Orleans Parish,2005,8,100.0,0.0,0.0,0.0,0.0,0.0
428,Orleans Parish,2005,9,100.0,0.0,0.0,0.0,0.0,0.0
429,Orleans Parish,2005,10,100.0,0.0,0.0,0.0,0.0,0.0
430,Orleans Parish,2005,11,40.0,60.0,0.0,0.0,0.0,0.0
431,Orleans Parish,2005,12,100.0,0.0,0.0,0.0,0.0,0.0
432,Orleans Parish,2006,1,20.0,20.0,60.0,0.0,0.0,0.0
433,Orleans Parish,2006,2,0.0,81.5025,18.4975,0.0,0.0,0.0
434,Orleans Parish,2006,3,0.0,100.0,0.0,0.0,0.0,0.0
435,Orleans Parish,2006,4,0.0,0.0,25.0,75.0,0.0,0.0
436,Orleans Parish,2006,5,0.0,0.0,40.0,60.0,0.0,0.0
437,Orleans Parish,2006,6,0.0,0.0,0.0,0.0,100.0,0.0
438,Orleans Parish,2006,7,0.0,0.0,0.0,0.0,100.0,0.0
439,Orleans Parish,2006,8,0.0,20.0,0.0,40.0,40.0,0.0
440,Orleans Parish,2006,9,0.0,100.0,0.0,0.0,0.0,0.0
441,Orleans Parish,2006,10,4.5200000000000005,95.47999999999999,0.0,0.0,0.0,0.0
442,Orleans Parish,2006,11,11.795,88.205,0.0,0.0,0.0,0.0
443,Orleans Parish,2006,12,0.0,100.0,0.0,0.0,0.0,0.0
444,Orleans Parish,2007,1,80.0,20.0,0.0,0.0,0.0,0.0
445,Orleans Parish,2007,2,100.0,0.0,0.0,0.0,0.0,0.0
446,Orleans Parish,2007,3,100.0,0.0,0.0,0.0,0.0,0.0
447,Orleans Parish,2007,4,27.9675,72.0325,0.0,0.0,0.0,0.0
448,Orleans Parish,2007,5,0.0,100.0,0.0,0.0,0.0,0.0
449,Orleans Parish,2007,6,39.8225,60.1775,0.0,0.0,0.0,0.0
450,Orleans Parish,2007,7,100.0,0.0,0.0,0.0,0.0,0.0
451,Orleans Parish,2007,8,100.0,0.0,0.0,0.0,0.0,0.0
452,Orleans Parish,2007,9,100.0,0.0,0.0,0.0,0.0,0.0
453,Orleans Parish,2007,10,40.0,60.0,0.0,0.0,0.0,0.0
454,Orleans Parish,2007,11,100.0,0.0,0.0,0.0,0.0,0.0
455,Orleans Parish,2007,12,50.0,50.0,0.0,0.0,0.0,0.0
456,Orleans Parish,2008,1,40.0,60.0,0.0,0.0,0.0,0.0
457,Orleans Parish,2008,2,100.0,0.0,0.0,0.0,0.0,0.0
458,Orleans Parish,2008,3,100.0,0.0,0.0,0.0,0.0,0.0
459,Orleans Parish,2008,4,100.0,0.0,0.0,0.0,0.0,0.0
460,Orleans Parish,2008,5,100.0,0.0,0.0,0.0,0.0,0.0
461,Orleans Parish,2008,6,100.0,0.0,0.0,0.0,0.0,0.0
462,Orleans Parish,2008,7,100.0,0.0,0.0,0.0,0.0,0.0
463,Orleans Parish,2008,8,100.0,0.0,0.0,0.0,0.0,0.0
464,Orleans Parish,2008,9,100.0,0.0,0.0,0.0,0.0,0.0
465,Orleans Parish,2008,10,100.0,0.0,0.0,0.0,0.0,0.0
466,Orleans Parish,2008,11,0.0,100.0,0.0,0.0,0.0,0.0
467,Orleans Parish,2008,12,0.0,100.0,0.0,0.0,0.0,0.0
468,Orleans Parish,2009,1,0.0,100.0,0.0,0.0,0.0,0.0
469,Orleans Parish,2009,2,0.0,25.0,75.0,0.0,0.0,0.0
470,Orleans Parish,2009,3,20.0,0.0,80.0,0.0,0.0,0.0
471,Orleans Parish,2009,4,100.0,0.0,0.0,0.0,0.0,0.0
472,Orleans Parish,2009,5,100.0,0.0,0.0,0.0,0.0,0.0
473,Orleans Parish,2009,6,20.0,40.36,39.64,0.0,0.0,0.0
474,Orleans Parish,2009,7,0.0,60.155,39.845,0.0,0.0,0.0
475,Orleans Parish,2009,8,0.0,0.08,99.92,0.0,0.0,0.0
476,Orleans Parish,2009,9,18.808,60.24399999999999,20.948,0.0,0.0,0.0
477,Orleans Parish,2009,10,100.0,0.0,0.0,0.0,0.0,0.0
478,Orleans Parish,2009,11,100.0,0.0,0.0,0.0,0.0,0.0
479,Orleans Parish,2009,12,100.0,0.0,0.0,0.0,0.0,0.0
480,Orleans Parish,2010,1,100.0,0.0,0.0,0.0,0.0,0.0
481,Orleans Parish,2010,2,100.0,0.0,0.0,0.0,0.0,0.0
482,Orleans Parish,2010,3,100.0,0.0,0.0,0.0,0.0,0.0
483,Orleans Parish,2010,4,0.0,100.0,0.0,0.0,0.0,0.0
484,Orleans Parish,2010,5,6.43,93.57,0.0,0.0,0.0,0.0
485,Orleans Parish,2010,6,80.524,19.476,0.0,0.0,0.0,0.0
486,Orleans Parish,2010,7,100.0,0.0,0.0,0.0,0.0,0.0
487,Orleans Parish,2010,8,100.0,0.0,0.0,0.0,0.0,0.0
488,Orleans Parish,2010,9,75.2975,24.7025,0.0,0.0,0.0,0.0
489,Orleans Parish,2010,10,0.645,98.6075,0.7475,0.0,0.0,0.0
490,Orleans Parish,2010,11,59.658,39.629999999999995,0.712,0.0,0.0,0.0
491,Orleans Parish,2010,12,0.0,55.655,44.345,0.0,0.0,0.0
492,Orleans Parish,2011,1,0.0,0.0,100.0,0.0,0.0,0.0
493,Orleans Parish,2011,2,0.0,0.0,100.0,0.0,0.0,0.0
494,Orleans Parish,2011,3,0.0,0.0,78.264,21.736,0.0,0.0
495,Orleans Parish,2011,4,0.0,0.0,80.985,19.015,0.0,0.0
496,Orleans Parish,2011,5,40.0,0.0,0.0,40.126,19.874000000000002,0.0
497,Orleans Parish,2011,6,0.0,0.0,0.0,41.6525,58.042500000000004,0.305
498,Orleans Parish,2011,7,0.0,0.0,0.0,5.0375,84.66499999999999,10.2975
499,Orleans Parish,2011,8,0.0,34.538,55.032000000000004,10.43,0.0,0.0
500,Orleans Parish,2011,9,100.0,0.0,0.0,0.0,0.0,0.0
501,Orleans Parish,2011,10,60.28,39.72,0.0,0.0,0.0,0.0
502,Orleans Parish,2011,11,0.0,8.026,91.974,0.0,0.0,0.0
503,Orleans Parish,2011,12,0.0,0.0,0.0,100.0,0.0,0.0
504,Orleans Parish,2012,1,0.0,0.0,0.0,0.08,99.92,0.0
505,Orleans Parish,2012,2,0.0,0.0,0.0,4.02,95.97999999999999,0.0
506,Orleans Parish,2012,3,0.0,25.0,75.0,0.0,0.0,0.0
507,Orleans Parish,2012,4,0.0,100.0,0.0,0.0,0.0,0.0
508,Orleans Parish,2012,5,13.794,86.206,0.0,0.0,0.0,0.0
509,Orleans Parish,2012,6,75.0,25.0,0.0,0.0,0.0,0.0
510,Orleans Parish,2012,7,100.0,0.0,0.0,0.0,0.0,0.0
511,Orleans Parish,2012,8,100.0,0.0,0.0,0.0,0.0,0.0
512,Orleans Parish,2012,9,100.0,0.0,0.0,0.0,0.0,0.0
513,Orleans Parish,2012,10,100.0,0.0,0.0,0.0,0.0,0.0
514,Orleans Parish,2012,11,100.0,0.0,0.0,0.0,0.0,0.0
515,Orleans Parish,2012,12,0.0,100.0,0.0,0.0,0.0,0.0
516,Orleans Parish,2013,1,0.0,100.0,0.0,0.0,0.0,0.0
517,Orleans Parish,2013,2,62.222500000000004,37.7775,0.0,0.0,0.0,0.0
518,Orleans Parish,2013,3,100.0,0.0,0.0,0.0,0.0,0.0
519,Orleans Parish,2013,4,100.0,0.0,0.0,0.0,0.0,0.0
520,Orleans Parish,2013,5,100.0,0.0,0.0,0.0,0.0,0.0
521,Orleans Parish,2013,6,100.0,0.0,0.0,0.0,0.0,0.0
522,Orleans Parish,2013,7,100.0,0.0,0.0,0.0,0.0,0.0
523,Orleans Parish,2013,8,50.0,50.0,0.0,0.0,0.0,0.0
524,Orleans Parish,2013,9,75.0,25.0,0.0,0.0,0.0,0.0
525,Orleans Parish,2013,10,100.0,0.0,0.0,0.0,0.0,0.0
526,Orleans Parish,2013,11,100.0,0.0,0.0,0.0,0.0,0.0
527,Orleans Parish,2013,12,100.0,0.0,0.0,0.0,0.0,0.0
528,Orleans Parish,2014,1,100.0,0.0,0.0,0.0,0.0,0.0
529,Orleans Parish,2014,2,50.0,50.0,0.0,0.0,0.0,0.0
530,Orleans Parish,2014,3,100.0,0.0,0.0,0.0,0.0,0.0
531,Orleans Parish,2014,4,97.162,2.838,0.0,0.0,0.0,0.0
532,Orleans Parish,2014,5,96.4525,3.5475,0.0,0.0,0.0,0.0
533,Orleans Parish,2014,6,100.0,0.0,0.0,0.0,0.0,0.0
534,Orleans Parish,2014,7,100.0,0.0,0.0,0.0,0.0,0.0
535,Orleans Parish,2014,8,100.0,0.0,0.0,0.0,0.0,0.0
536,Orleans Parish,2014,9,96.292,3.7079999999999997,0.0,0.0,0.0,0.0
537,Orleans Parish,2014,10,54.36,45.64,0.0,0.0,0.0,0.0
538,Orleans Parish,2014,11,0.0,99.1225,0.8775,0.0,0.0,0.0
539,Orleans Parish,2014,12,0.0,20.348,28.526,51.126,0.0,0.0
540,Suffolk County,2000,1,100.0,0.0,0.0,0.0,0.0,0.0
541,Suffolk County,2000,2,100.0,0.0,0.0,0.0,0.0,0.0
542,Suffolk County,2000,3,100.0,0.0,0.0,0.0,0.0,0.0
543,Suffolk County,2000,4,100.0,0.0,0.0,0.0,0.0,0.0
544,Suffolk County,2000,5,100.0,0.0,0.0,0.0,0.0,0.0
545,Suffolk County,2000,6,100.0,0.0,0.0,0.0,0.0,0.0
546,Suffolk County,2000,7,100.0,0.0,0.0,0.0,0.0,0.0
547,Suffolk County,2000,8,100.0,0.0,0.0,0.0,0.0,0.0
548,Suffolk County,2000,9,100.0,0.0,0.0,0.0,0.0,0.0
549,Suffolk County,2000,10,100.0,0.0,0.0,0.0,0.0,0.0
550,Suffolk County,2000,11,100.0,0.0,0.0,0.0,0.0,0.0
551,Suffolk County,2000,12,100.0,0.0,0.0,0.0,0.0,0.0
552,Suffolk County,2001,1,100.0,0.0,0.0,0.0,0.0,0.0
553,Suffolk County,2001,2,100.0,0.0,0.0,0.0,0.0,0.0
554,Suffolk County,2001,3,100.0,0.0,0.0,0.0,0.0,0.0
555,Suffolk County,2001,4,100.0,0.0,0.0,0.0,0.0,0.0
556,Suffolk County,2001,5,40.0,40.0,20.0,0.0,0.0,0.0
557,Suffolk County,2001,6,100.0,0.0,0.0,0.0,0.0,0.0
558,Suffolk County,2001,7,100.0,0.0,0.0,0.0,0.0,0.0
559,Suffolk County,2001,8,100.0,0.0,0.0,0.0,0.0,0.0
560,Suffolk County,2001,9,31.1425,68.8575,0.0,0.0,0.0,0.0
561,Suffolk County,2001,10,60.0,40.0,0.0,0.0,0.0,0.0
562,Suffolk County,2001,11,0.0,50.0,50.0,0.0,0.0,0.0
563,Suffolk County,2001,12,0.0,0.0,100.0,0.0,0.0,0.0
564,Suffolk County,2002,1,0.0,0.0,100.0,0.0,0.0,0.0
565,Suffolk County,2002,2,0.0,0.0,75.0,25.0,0.0,0.0
566,Suffolk County,2002,3,0.0,0.0,0.0,100.0,0.0,0.0
567,Suffolk County,2002,4,0.0,0.0,100.0,0.0,0.0,0.0
568,Suffolk County,2002,5,0.0,75.0,25.0,0.0,0.0,0.0
569,Suffolk County,2002,6,0.0,100.0,0.0,0.0,0.0,0.0
570,Suffolk County,2002,7,0.0,100.0,0.0,0.0,0.0,0.0
571,Suffolk County,2002,8,0.0,0.0,100.0,0.0,0.0,0.0
572,Suffolk County,2002,9,1.5825,48.417500000000004,50.0,0.0,0.0,0.0
573,Suffolk County,2002,10,40.0,60.0,0.0,0.0,0.0,0.0
574,Suffolk County,2002,11,100.0,0.0,0.0,0.0,0.0,0.0
575,Suffolk County,2002,12,100.0,0.0,0.0,0.0,0.0,0.0
576,Suffolk County,2003,1,100.0,0.0,0.0,0.0,0.0,0.0
577,Suffolk County,2003,2,100.0,0.0,0.0,0.0,0.0,0.0
578,Suffolk County,2003,3,100.0,0.0,0.0,0.0,0.0,0.0
579,Suffolk County,2003,4,100.0,0.0,0.0,0.0,0.0,0.0
580,Suffolk County,2003,5,100.0,0.0,0.0,0.0,0.0,0.0
581,Suffolk County,2003,6,100.0,0.0,0.0,0.0,0.0,0.0
582,Suffolk County,2003,7,100.0,0.0,0.0,0.0,0.0,0.0
583,Suffolk County,2003,8,100.0,0.0,0.0,0.0,0.0,0.0
584,Suffolk County,2003,9,100.0,0.0,0.0,0.0,0.0,0.0
585,Suffolk County,2003,10,100.0,0.0,0.0,0.0,0.0,0.0
586,Suffolk County,2003,11,100.0,0.0,0.0,0.0,0.0,0.0
587,Suffolk County,2003,12,100.0,0.0,0.0,0.0,0.0,0.0
588,Suffolk County,2004,1,100.0,0.0,0.0,0.0,0.0,0.0
589,Suffolk County,2004,2,100.0,0.0,0.0,0.0,0.0,0.0
590,Suffolk County,2004,3,43.82,56.17999999999999,0.0,0.0,0.0,0.0
591,Suffolk County,2004,4,100.0,0.0,0.0,0.0,0.0,0.0
592,Suffolk County,2004,5,100.0,0.0,0.0,0.0,0.0,0.0
593,Suffolk County,2004,6,100.0,0.0,0.0,0.0,0.0,0.0
594,Suffolk County,2004,7,100.0,0.0,0.0,0.0,0.0,0.0
595,Suffolk County,2004,8,100.0,0.0,0.0,0.0,0.0,0.0
596,Suffolk County,2004,9,100.0,0.0,0.0,0.0,0.0,0.0
597,Suffolk County,2004,10,100.0,0.0,0.0,0.0,0.0,0.0
598,Suffolk County,2004,11,100.0,0.0,0.0,0.0,0.0,0.0
599,Suffolk County,2004,12,100.0,0.0,0.0,0.0,0.0,0.0
600,Suffolk County,2005,1,100.0,0.0,0.0,0.0,0.0,0.0
601,Suffolk County,2005,2,100.0,0.0,0.0,0.0,0.0,0.0
602,Suffolk County,2005,3,100.0,0.0,0.0,0.0,0.0,0.0
603,Suffolk County,2005,4,100.0,0.0,0.0,0.0,0.0,0.0
604,Suffolk County,2005,5,100.0,0.0,0.0,0.0,0.0,0.0
605,Suffolk County,2005,6,100.0,0.0,0.0,0.0,0.0,0.0
606,Suffolk County,2005,7,100.0,0.0,0.0,0.0,0.0,0.0
607,Suffolk County,2005,8,100.0,0.0,0.0,0.0,0.0,0.0
608,Suffolk County,2005,9,75.0,25.0,0.0,0.0,0.0,0.0
609,Suffolk County,2005,10,99.465,0.535,0.0,0.0,0.0,0.0
610,Suffolk County,2005,11,100.0,0.0,0.0,0.0,0.0,0.0
611,Suffolk County,2005,12,100.0,0.0,0.0,0.0,0.0,0.0
612,Suffolk County,2006,1,100.0,0.0,0.0,0.0,0.0,0.0
613,Suffolk County,2006,2,100.0,0.0,0.0,0.0,0.0,0.0
614,Suffolk County,2006,3,50.0,50.0,0.0,0.0,0.0,0.0
615,Suffolk County,2006,4,0.0,100.0,0.0,0.0,0.0,0.0
616,Suffolk County,2006,5,60.0,40.0,0.0,0.0,0.0,0.0
617,Suffolk County,2006,6,100.0,0.0,0.0,0.0,0.0,0.0
618,Suffolk County,2006,7,100.0,0.0,0.0,0.0,0.0,0.0
619,Suffolk County,2006,8,100.0,0.0,0.0,0.0,0.0,0.0
620,Suffolk County,2006,9,100.0,0.0,0.0,0.0,0.0,0.0
621,Suffolk County,2006,10,100.0,0.0,0.0,0.0,0.0,0.0
622,Suffolk County,2006,11,100.0,0.0,0.0,0.0,0.0,0.0
623,Suffolk County,2006,12,100.0,0.0,0.0,0.0,0.0,0.0
624,Suffolk County,2007,1,100.0,0.0,0.0,0.0,0.0,0.0
625,Suffolk County,2007,2,100.0,0.0,0.0,0.0,0.0,0.0
626,Suffolk County,2007,3,100.0,0.0,0.0,0.0,0.0,0.0
627,Suffolk County,2007,4,100.0,0.0,0.0,0.0,0.0,0.0
628,Suffolk County,2007,5,100.0,0.0,0.0,0.0,0.0,0.0
629,Suffolk County,2007,6,100.0,0.0,0.0,0.0,0.0,0.0
630,Suffolk County,2007,7,100.0,0.0,0.0,0.0,0.0,0.0
631,Suffolk County,2007,8,75.0,25.0,0.0,0.0,0.0,0.0
632,Suffolk County,2007,9,0.0,56.845,43.155,0.0,0.0,0.0
633,Suffolk County,2007,10,0.0,39.644,60.355999999999995,0.0,0.0,0.0
634,Suffolk County,2007,11,30.56,69.44,0.0,0.0,0.0,0.0
635,Suffolk County,2007,12,65.28,34.72,0.0,0.0,0.0,0.0
636,Suffolk County,2008,1,100.0,0.0,0.0,0.0,0.0,0.0
637,Suffolk County,2008,2,100.0,0.0,0.0,0.0,0.0,0.0
638,Suffolk County,2008,3,100.0,0.0,0.0,0.0,0.0,0.0
639,Suffolk County,2008,4,100.0,0.0,0.0,0.0,0.0,0.0
640,Suffolk County,2008,5,100.0,0.0,0.0,0.0,0.0,0.0
641,Suffolk County,2008,6,25.0,75.0,0.0,0.0,0.0,0.0
642,Suffolk County,2008,7,85.264,14.736,0.0,0.0,0.0,0.0
643,Suffolk County,2008,8,100.0,0.0,0.0,0.0,0.0,0.0
644,Suffolk County,2008,9,100.0,0.0,0.0,0.0,0.0,0.0
645,Suffolk County,2008,10,100.0,0.0,0.0,0.0,0.0,0.0
646,Suffolk County,2008,11,100.0,0.0,0.0,0.0,0.0,0.0
647,Suffolk County,2008,12,100.0,0.0,0.0,0.0,0.0,0.0
648,Suffolk County,2009,1,100.0,0.0,0.0,0.0,0.0,0.0
649,Suffolk County,2009,2,100.0,0.0,0.0,0.0,0.0,0.0
650,Suffolk County,2009,3,100.0,0.0,0.0,0.0,0.0,0.0
651,Suffolk County,2009,4,100.0,0.0,0.0,0.0,0.0,0.0
652,Suffolk County,2009,5,100.0,0.0,0.0,0.0,0.0,0.0
653,Suffolk County,2009,6,75.25399999999999,24.746000000000002,0.0,0.0,0.0,0.0
654,Suffolk County,2009,7,100.0,0.0,0.0,0.0,0.0,0.0
655,Suffolk County,2009,8,100.0,0.0,0.0,0.0,0.0,0.0
656,Suffolk County,2009,9,100.0,0.0,0.0,0.0,0.0,0.0
657,Suffolk County,2009,10,100.0,0.0,0.0,0.0,0.0,0.0
658,Suffolk County,2009,11,100.0,0.0,0.0,0.0,0.0,0.0
659,Suffolk County,2009,12,100.0,0.0,0.0,0.0,0.0,0.0
660,Suffolk County,2010,1,100.0,0.0,0.0,0.0,0.0,0.0
661,Suffolk County,2010,2,100.0,0.0,0.0,0.0,0.0,0.0
662,Suffolk County,2010,3,100.0,0.0,0.0,0.0,0.0,0.0
663,Suffolk County,2010,4,100.0,0.0,0.0,0.0,0.0,0.0
664,Suffolk County,2010,5,100.0,0.0,0.0,0.0,0.0,0.0
665,Suffolk County,2010,6,91.31,8.690000000000001,0.0,0.0,0.0,0.0
666,Suffolk County,2010,7,50.81,49.19,0.0,0.0,0.0,0.0
667,Suffolk County,2010,8,20.0,80.0,0.0,0.0,0.0,0.0
668,Suffolk County,2010,9,100.0,0.0,0.0,0.0,0.0,0.0
669,Suffolk County,2010,10,100.0,0.0,0.0,0.0,0.0,0.0
670,Suffolk County,2010,11,100.0,0.0,0.0,0.0,0.0,0.0
671,Suffolk County,2010,12,100.0,0.0,0.0,0.0,0.0,0.0
672,Suffolk County,2011,1,100.0,0.0,0.0,0.0,0.0,0.0
673,Suffolk County,2011,2,100.0,0.0,0.0,0.0,0.0,0.0
674,Suffolk County,2011,3,100.0,0.0,0.0,0.0,0.0,0.0
675,Suffolk County,2011,4,100.0,0.0,0.0,0.0,0.0,0.0
676,Suffolk County,2011,5,100.0,0.0,0.0,0.0,0.0,0.0
677,Suffolk County,2011,6,100.0,0.0,0.0,0.0,0.0,0.0
678,Suffolk County,2011,7,100.0,0.0,0.0,0.0,0.0,0.0
679,Suffolk County,2011,8,100.0,0.0,0.0,0.0,0.0,0.0
680,Suffolk County,2011,9,100.0,0.0,0.0,0.0,0.0,0.0
681,Suffolk County,2011,10,100.0,0.0,0.0,0.0,0.0,0.0
682,Suffolk County,2011,11,100.0,0.0,0.0,0.0,0.0,0.0
683,Suffolk County,2011,12,100.0,0.0,0.0,0.0,0.0,0.0
684,Suffolk County,2012,1,100.0,0.0,0.0,0.0,0.0,0.0
685,Suffolk County,2012,2,92.3275,7.6725,0.0,0.0,0.0,0.0
686,Suffolk County,2012,3,22.4425,52.5575,25.0,0.0,0.0,0.0
687,Suffolk County,2012,4,0.0,0.0,34.83,65.17,0.0,0.0
688,Suffolk County,2012,5,0.0,40.0,35.727999999999994,24.272,0.0,0.0
689,Suffolk County,2012,6,100.0,0.0,0.0,0.0,0.0,0.0
690,Suffolk County,2012,7,40.0,60.0,0.0,0.0,0.0,0.0
691,Suffolk County,2012,8,0.0,100.0,0.0,0.0,0.0,0.0
692,Suffolk County,2012,9,25.0,75.0,0.0,0.0,0.0,0.0
693,Suffolk County,2012,10,100.0,0.0,0.0,0.0,0.0,0.0
694,Suffolk County,2012,11,100.0,0.0,0.0,0.0,0.0,0.0
695,Suffolk County,2012,12,100.0,0.0,0.0,0.0,0.0,0.0
696,Suffolk County,2013,1,100.0,0.0,0.0,0.0,0.0,0.0
697,Suffolk County,2013,2,100.0,0.0,0.0,0.0,0.0,0.0
698,Suffolk County,2013,3,100.0,0.0,0.0,0.0,0.0,0.0
699,Suffolk County,2013,4,100.0,0.0,0.0,0.0,0.0,0.0
700,Suffolk County,2013,5,0.0,100.0,0.0,0.0,0.0,0.0
701,Suffolk County,2013,6,75.0,25.0,0.0,0.0,0.0,0.0
702,Suffolk County,2013,7,100.0,0.0,0.0,0.0,0.0,0.0
703,Suffolk County,2013,8,100.0,0.0,0.0,0.0,0.0,0.0
704,Suffolk County,2013,9,100.0,0.0,0.0,0.0,0.0,0.0
705,Suffolk County,2013,10,0.0,80.0,20.0,0.0,0.0,0.0
706,Suffolk County,2013,11,0.0,0.0,100.0,0.0,0.0,0.0
707,Suffolk County,2013,12,0.0,0.0,100.0,0.0,0.0,0.0
708,Suffolk County,2014,1,0.37,49.63,50.0,0.0,0.0,0.0
709,Suffolk County,2014,2,29.1675,70.8325,0.0,0.0,0.0,0.0
710,Suffolk County,2014,3,100.0,0.0,0.0,0.0,0.0,0.0
711,Suffolk County,2014,4,100.0,0.0,0.0,0.0,0.0,0.0
712,Suffolk County,2014,5,100.0,0.0,0.0,0.0,0.0,0.0
713,Suffolk County,2014,6,100.0,0.0,0.0,0.0,0.0,0.0
714,Suffolk County,2014,7,0.0,100.0,0.0,0.0,0.0,0.0
715,Suffolk County,2014,8,0.0,100.0,0.0,0.0,0.0,0.0
716,Suffolk County,2014,9,0.0,62.812,37.188,0.0,0.0,0.0
717,Suffolk County,2014,10,0.84,29.4325,69.72749999999999,0.0,0.0,0.0
718,Suffolk County,2014,11,3.36,96.64,0.0,0.0,0.0,0.0
719,Suffolk County,2014,12,100.0,0.0,0.0,0.0,0.0,0.0
